index,conf_id,smiles,area,volume,P_bv,S_cat_bv,S_S_bv,S_cat_darea,S_cat_pint,S_S_darea,S_S_pint,S_cat_P,S_S_P,S_cat_Pangle,S_S_Pangle,S_cat_sarea,S_cat_svol,S_S_sarea,S_S_svol,S_toS_Lvalue,S_toS_B1value,S_toS_B5value,S_toC_Lvalue,S_toC_B1value,S_toC_B5value,P_charge,S_cat_charge,S_S_charge
5147,0,CN1c2ccc3ccccc3c2-c2c(ccc3ccccc23)N(C)P1(=[S+]SSC(=O)c1cc(Cl)cc(Cl)c1)N(C)C(C)(C)C,642.9828112,760.980906,0.9560485,0.631528373,0.783002935,14.81259953,29.91945078,5.295867158,43.83774251,0.053620129,0.020182156,1.886023949,0.134853258,15.39995633,31.12003956,0.450010514,0.613219468,8.415192482,1.869049752,10.87352402,10.84491348,4.304703828,7.642875051,0.28904392,-0.05040772,0.03969964
5147,1,CN1c2ccc3ccccc3c2-c2c(ccc3ccccc23)N(C)P1(=[S+]SSC(=O)c1cc(Cl)cc(Cl)c1)N(C)C(C)(C)C,665.2905265,763.8459216,0.92475191,0.739610511,0.590413017,9.608172666,37.46692154,5.495711202,31.85406687,0.668414919,0.01144276,7.306486596,0.077052081,5.079985594,7.953146014,4.540106079,5.660762094,8.797477058,4.080638154,10.22796148,3.103852166,3.885747786,11.87739573,0.27741991,-0.07404469,-0.0027551
5147,2,CN1c2ccc3ccccc3c2-c2c(ccc3ccccc23)N(C)P1(=[S+]SSC(=O)c1cc(Cl)cc(Cl)c1)N(C)C(C)(C)C,657.3929153,763.1791453,0.925910827,0.622658871,0.601379053,16.01362111,31.54802576,6.195165354,33.41224998,0.169619708,0.019353046,2.0888389,0.129987155,17.13995139,28.46374001,4.430103509,6.107152447,8.7172274,3.802830442,10.03758357,3.106820462,3.972031234,10.70900916,0.2795702,-0.06635071,-0.00125697
5147,3,CN1c2ccc3ccccc3c2-c2c(ccc3ccccc23)N(C)P1(=[S+]SSC(=O)c1cc(Cl)cc(Cl)c1)N(C)C(C)(C)C,671.0896986,768.6783775,0.943428531,0.623654724,0.457254007,16.6141319,29.64289176,17.32136541,23.20171695,0.145831768,1.956582972,3.573450092,14.19712567,15.64995562,30.48812172,28.72890132,52.91095261,9.319862566,2.845648231,11.03635081,8.430624661,2.457376784,12.77613911,0.27035523,-0.04722449,-0.09959687
5147,4,CN1c2ccc3ccccc3c2-c2c(ccc3ccccc23)N(C)P1(=[S+]SSC(=O)c1cc(Cl)cc(Cl)c1)N(C)C(C)(C)C,652.5023459,765.8540707,0.928444139,0.694284616,0.731783451,12.2103861,32.43881097,4.496490983,35.83474286,0.058747437,0.041241089,1.765405823,0.276985423,7.60997842,13.92617601,3.900091125,7.805226405,8.256484533,2.751977449,10.93584694,7.606368598,2.278845339,10.35969085,0.27415528,-0.04309442,0.05183158
5163,0,CC(C)c1cc(C(C)C)c(C(=O)SS[S+]=P2(N(C)C(C)(C)C)N(C)c3ccc4ccccc4c3-c3c(ccc4ccccc34)N2C)c(C(C)C)c1,806.1626713,930.288135,0.949520127,0.704825522,0.949520127,10.00851319,36.2952014,0.099986087,54.34046886,0.316802502,0.797495009,5.249273906,5.901777649,5.019985764,7.281687827,0,0,8.708524181,3.935658829,11.16779228,5.942838198,4.532666339,9.731691393,0.27393181,-0.06562955,0.0072606
5163,1,CC(C)c1cc(C(C)C)c(C(=O)SS[S+]=P2(N(C)C(C)(C)C)N(C)c3ccc4ccccc4c3-c3c(ccc4ccccc34)N2C)c(C(C)C)c1,800.267686,932.6400125,0.948937756,0.814817835,0.948937756,7.005959236,49.08855421,0.599916523,66.3187546,0.798159862,0.797389022,7.969106068,5.888995956,0.079999773,0.117981459,0,0,8.597945834,4.584480906,10.60399026,5.936622277,4.475667533,9.465462352,0.27088839,-0.06777289,0.00992979
5163,2,CC(C)c1cc(C(C)C)c(C(=O)SS[S+]=P2(N(C)C(C)(C)C)N(C)c3ccc4ccccc4c3-c3c(ccc4ccccc34)N2C)c(C(C)C)c1,832.4590853,942.2704801,0.929801062,0.721661852,0.929801062,10.80919425,36.46350202,1.099846958,53.54943665,0.404104231,0.740511806,5.61208007,5.359348895,5.749983694,7.735861901,0,0,8.859360046,4.43891687,11.44326023,5.961508665,4.231669769,13.17095581,0.2899129,-0.08086817,0.00767302
5163,3,CC(C)c1cc(C(C)C)c(C(=O)SS[S+]=P2(N(C)C(C)(C)C)N(C)c3ccc4ccccc4c3-c3c(ccc4ccccc34)N2C)c(C(C)C)c1,812.6541462,940.9335341,0.947318766,0.628051621,0.947318766,17.31472783,31.14696647,0.499930435,60.64059851,0.356382059,0.795008672,4.726798488,5.872550651,18.30994808,32.28355537,0,0,7.903295847,1.904364532,10.80002866,8.187022683,3.944745852,12.04316947,0.2978771,-0.04860943,0.02854827
5163,4,CC(C)c1cc(C(C)C)c(C(=O)SS[S+]=P2(N(C)C(C)(C)C)N(C)c3ccc4ccccc4c3-c3c(ccc4ccccc34)N2C)c(C(C)C)c1,824.4652226,934.3219917,0.919434868,0.669493105,0.919434868,15.91353598,35.51470148,1.199833045,50.41914409,0.0466819,0.697213896,2.901376884,5.053311667,8.839974932,14.14652507,0,0,8.397587889,3.735119032,11.42126561,5.97770925,4.406883809,13.17360962,0.27550018,-0.07781272,0.01850991
5149,0,COc1cc(C(C)C)c(C(=O)SS[S+]=P2(N(C)C(C)(C)C)N(C)c3ccc4ccccc4c3-c3c(ccc4ccccc34)N2C)c(C(C)C)c1,795.7715551,899.148925,0.926318487,0.700958582,0.926318487,12.91098202,35.10635179,0.999860871,53.84842048,0.392845597,0.779272292,5.523591679,5.737693036,7.949977456,12.01015573,0,0,8.851481446,3.853525481,11.20757864,6.018249808,4.197211075,12.78257004,0.27323795,-0.07271207,0.02579633
5149,1,COc1cc(C(C)C)c(C(=O)SS[S+]=P2(N(C)C(C)(C)C)N(C)c3ccc4ccccc4c3-c3c(ccc4ccccc34)N2C)c(C(C)C)c1,794.5718653,899.6601188,0.924914974,0.678950801,0.924914974,13.91183334,34.09008137,1.199833045,54.25761797,0.547993088,0.781755705,6.402847753,5.76766518,8.579975669,13.61858511,0,0,8.901222844,3.846223823,10.75499761,6.022819446,4.179788247,12.21662609,0.27433216,-0.06242872,0.02470194
5149,2,COc1cc(C(C)C)c(C(=O)SS[S+]=P2(N(C)C(C)(C)C)N(C)c3ccc4ccccc4c3-c3c(ccc4ccccc34)N2C)c(C(C)C)c1,779.6699823,899.7160769,0.941093226,0.736046403,0.941093226,9.608172666,41.24065834,0.199972174,56.81321446,0.599704143,0.789744856,6.798522219,5.819457736,0.569998384,0.684223458,0,0,8.648465795,4.395167531,11.17234137,5.934096214,4.559015808,8.887890163,0.27440426,-0.06373564,-0.0094252
5149,3,COc1cc(C(C)C)c(C(=O)SS[S+]=P2(N(C)C(C)(C)C)N(C)c3ccc4ccccc4c3-c3c(ccc4ccccc34)N2C)c(C(C)C)c1,793.7758413,899.4916604,0.940272083,0.649069372,0.940272083,17.71506835,35.39301519,0.499930435,59.00982407,0.811578633,0.798072899,8.070618253,5.895327672,9.859972039,15.72809275,0,0,8.490907713,3.36728187,11.00561754,5.937437233,4.027480445,10.28425805,0.2706981,-0.05037219,0.02999105
5149,4,COc1cc(C(C)C)c(C(=O)SS[S+]=P2(N(C)C(C)(C)C)N(C)c3ccc4ccccc4c3-c3c(ccc4ccccc34)N2C)c(C(C)C)c1,761.9689855,895.7133296,0.927774413,0.767203224,0.927774413,6.905874104,40.51828985,1.199833045,55.32467408,0.08282725,0.743592446,2.062197576,5.392468124,1.389996058,2.015058015,0,0,8.605068321,4.473489435,10.97002479,5.969732648,4.430582039,10.54708337,0.28055619,-0.08310904,0.01734539
5162,0,CN1c2ccc3ccccc3c2-c2c(ccc3ccccc23)N(C)P1(=[S+]SSC(=O)c1ccccc1F)N(C)C(C)(C)C,651.1395303,731.8534645,0.925642937,0.667862467,0.6287097,14.7125144,31.93824677,6.594853442,32.53862568,0.512754083,0.000290588,6.210133369,0.001943138,9.719972436,16.4331647,6.340148137,7.181503052,8.895799842,3.257152569,10.2217224,5.722129362,3.634569595,12.35646073,0.27375814,-0.06157492,0.02292471
5162,1,CN1c2ccc3ccccc3c2-c2c(ccc3ccccc23)N(C)P1(=[S+]SSC(=O)c1ccccc1F)N(C)C(C)(C)C,653.0385289,732.5410454,0.925520639,0.668741847,0.629169773,14.412259,32.00933752,6.395009398,32.24671043,0.50704617,0.000978244,6.165578139,0.006540977,9.519973003,16.07962595,6.430150239,7.269706818,8.894249921,3.273350991,10.23676685,5.790315273,3.618557269,12.41761559,0.2740882,-0.06051634,0.02232099
5162,2,CN1c2ccc3ccccc3c2-c2c(ccc3ccccc23)N(C)P1(=[S+]SSC(=O)c1ccccc1F)N(C)C(C)(C)C,614.6621471,729.366734,0.929667117,0.651701687,0.804841828,14.1120036,31.02750084,3.097582677,37.26456774,0.074051804,0.060804461,1.601925171,0.406650665,13.68996118,25.88658853,2.450057245,4.302897785,8.117928206,1.882309798,11.08411677,7.844258041,2.34771134,9.205180583,0.27884195,-0.07928081,0.03999628
5162,3,CN1c2ccc3ccccc3c2-c2c(ccc3ccccc23)N(C)P1(=[S+]SSC(=O)c1ccccc1F)N(C)C(C)(C)C,650.3415508,734.4813289,0.941110697,0.639011834,0.624487514,16.31387651,31.10293995,6.395009398,31.43119448,0.588136776,0.005643495,6.661386725,0.037771112,12.25996523,21.62135334,6.550153043,7.409279435,8.694789356,2.435438972,11.14172725,5.855638626,2.959384044,13.88072945,0.27224952,-0.04670349,0.01799995
5162,4,CN1c2ccc3ccccc3c2-c2c(ccc3ccccc23)N(C)P1(=[S+]SSC(=O)c1ccccc1F)N(C)C(C)(C)C,614.9619054,728.4157102,0.929311871,0.651660921,0.805074776,14.412259,31.32498995,2.69789459,34.02505575,0.070786826,0.060986848,1.542302248,0.407895162,13.63996132,25.83372532,2.430056778,4.259020263,8.126407434,1.888826539,11.08629465,7.86968837,2.347514061,9.224603584,0.27886993,-0.07949575,0.04007804
5155,0,COc1cccc(C)c1C(=O)SS[S+]=P1(N(C)C(C)(C)C)N(C)c2ccc3ccccc3c2-c2c(ccc3ccccc23)N1C,673.761747,782.149557,0.929043981,0.733973164,0.929043981,10.40885372,36.03050141,1.199833045,54.07300162,0.188202996,0.779906319,2.306643174,5.743699474,6.179982475,9.590139229,0,0,8.728442881,3.598725261,10.29194239,6.020399907,4.254034147,8.765028636,0.28343414,-0.06730007,-0.00112021
5155,1,COc1cccc(C)c1C(=O)SS[S+]=P1(N(C)C(C)(C)C)N(C)c2ccc3ccccc3c2-c2c(ccc3ccccc23)N1C,677.3611166,784.5333207,0.928863446,0.734124581,0.928863446,10.60902399,36.46392288,1.399805219,54.70756307,0.193612039,0.780016153,2.370664949,5.744662556,6.059982815,9.400896148,0,0,8.732321065,3.620509316,10.28428288,6.020856,4.261036344,8.764159575,0.28342076,-0.06720596,-0.00109456
5155,2,COc1cccc(C)c1C(=O)SS[S+]=P1(N(C)C(C)(C)C)N(C)c2ccc3ccccc3c2-c2c(ccc3ccccc23)N1C,695.7444384,783.0106066,0.926603848,0.678741148,0.926603848,13.31132255,32.5615101,0.899874784,53.81732351,0.54843238,0.794909588,6.378283824,5.896024975,8.509975867,14.32809389,0,0,8.891297228,3.392117236,10.24548722,6.034824902,4.142992603,10.13863621,0.26714667,-0.04666478,-0.00694558
5155,3,COc1cccc(C)c1C(=O)SS[S+]=P1(N(C)C(C)(C)C)N(C)c2ccc3ccccc3c2-c2c(ccc3ccccc23)N1C,694.2605348,781.6343066,0.940860278,0.630893589,0.940860278,16.6141319,33.24536934,0.299958261,55.19962008,0.572794026,0.792601332,6.569721717,5.846147693,9.969971727,16.14684305,0,0,8.729987464,4.251580122,11.14728005,5.936147816,4.055894576,8.725763386,0.27363847,-0.06872114,0.00083803
5155,4,COc1cccc(C)c1C(=O)SS[S+]=P1(N(C)C(C)(C)C)N(C)c2ccc3ccccc3c2-c2c(ccc3ccccc23)N1C,685.9433015,777.4726326,0.929061452,0.711266539,0.929061452,10.80919425,36.07296282,0.899874784,54.93593347,0.198744718,0.806432512,3.476249804,6.015877062,2.049994187,2.878893503,0,0,8.67853977,3.492601502,10.46345859,6.078438863,4.076537362,9.674450757,0.26829328,-0.03465339,-0.01771524
5154,0,CN1c2ccc3ccccc3c2-c2c(ccc3ccccc23)N(C)P1(=[S+]SSC(=O)c1cccc([N+](=O)[O-])c1)N(C)C(C)(C)C,625.0147978,747.0863033,0.931041511,0.647817275,0.789933144,13.91183334,30.80043236,2.797816612,34.48868801,0.015622347,0.051270937,0.372308693,0.344313165,13.68996118,25.74618275,2.620061217,4.709198349,8.405304128,1.8,11.02434399,7.648093336,2.298432039,9.508449178,0.28887817,-0.06807919,0.05475708
5154,1,CN1c2ccc3ccccc3c2-c2c(ccc3ccccc23)N(C)P1(=[S+]SSC(=O)c1cccc([N+](=O)[O-])c1)N(C)C(C)(C)C,633.2857489,747.0778369,0.944453504,0.77178648,0.593522876,9.30791727,35.70756416,5.895399289,30.9143345,0.043627017,0.005459415,0.451670018,0.036726195,6.099982702,9.779081499,4.650108649,6.264129693,8.827303242,3.215082429,10.48692562,3.103616602,3.333453375,11.59533073,0.30051609,-0.08813675,-0.00040274
5154,2,CN1c2ccc3ccccc3c2-c2c(ccc3ccccc23)N(C)P1(=[S+]SSC(=O)c1cccc([N+](=O)[O-])c1)N(C)C(C)(C)C,669.9926874,751.6787945,0.924571375,0.682427553,0.622303625,13.41140768,32.61988331,6.594853442,32.5578017,0.493183318,0.031179449,6.144628786,0.209211758,7.379979072,11.7474556,6.480151408,7.669366858,8.887373491,3.752660725,10.38859233,6.248466863,3.695673859,12.81724342,0.27340913,-0.05657109,0.0357721
5154,3,CN1c2ccc3ccccc3c2-c2c(ccc3ccccc23)N(C)P1(=[S+]SSC(=O)c1cccc([N+](=O)[O-])c1)N(C)C(C)(C)C,677.2890643,755.947792,0.924315132,0.678438315,0.62081858,13.51149281,32.60228114,6.195165354,32.17175518,0.510353214,0.027683946,6.267747778,0.185767558,7.829977796,12.73712265,6.530152576,7.672268641,8.886073356,3.731535135,10.37622205,6.230230123,3.766765382,12.74806133,0.27367088,-0.05738224,0.03523573
5154,4,CN1c2ccc3ccccc3c2-c2c(ccc3ccccc23)N(C)P1(=[S+]SSC(=O)c1cccc([N+](=O)[O-])c1)N(C)C(C)(C)C,665.6938333,753.550922,0.940842807,0.644037691,0.633729734,15.41311032,30.45819584,6.594853442,33.2490631,0.176864992,0.028865339,3.703836241,0.193818226,12.06996577,22.46921792,4.57010678,7.852114671,8.665690747,2.502828364,11.12813028,6.627140652,2.040397265,12.61330653,0.27471848,-0.04044461,0.04143032
5142,0,Cc1cc(C)cc(C(=O)SS[S+]=P2(N(C)C(C)(C)C)N(C)c3ccc4ccccc4c3-c3c(ccc4ccccc34)N2C)c1,696.5482016,775.2467577,0.925811824,0.686317788,0.925811824,13.31132255,32.66155673,1.299819132,53.36942877,0.427516182,0.782524412,5.663667327,5.773861148,7.229979497,11.59070494,0,0,8.880371503,3.818648596,10.24632945,6.017885669,4.175047591,11.35959736,0.2681091,-0.06032402,0.02496569
5142,1,Cc1cc(C)cc(C(=O)SS[S+]=P2(N(C)C(C)(C)C)N(C)c3ccc4ccccc4c3-c3c(ccc4ccccc34)N2C)c1,694.7496859,778.7073339,0.939893543,0.633846208,0.939893543,16.01362111,30.28081603,0.399944348,65.27412717,0.212275254,0.799043316,4.145538958,5.909839127,13.11996279,23.19956318,0,0,8.678098196,2.711335791,11.10785549,5.934436153,3.739522527,8.72146883,0.27088443,-0.04885071,0.02379415
5142,2,Cc1cc(C)cc(C(=O)SS[S+]=P2(N(C)C(C)(C)C)N(C)c3ccc4ccccc4c3-c3c(ccc4ccccc34)N2C)c1,667.5684799,774.410207,0.930534849,0.691151463,0.930534849,13.01106715,32.12283347,0.499930435,56.58768479,0.224196711,0.783883155,3.771270643,5.775924627,9.649972635,17.06205808,0,0,7.722701662,2.552074643,10.95537133,6.00849308,4.053026207,8.786388518,0.26787444,-0.05587539,0.04394361
5142,3,Cc1cc(C)cc(C(=O)SS[S+]=P2(N(C)C(C)(C)C)N(C)c3ccc4ccccc4c3-c3c(ccc4ccccc34)N2C)c1,696.3482396,778.9297442,0.926038949,0.688297848,0.926038949,13.11115228,32.88562619,1.199833045,53.85850831,0.415099706,0.783408755,5.560738161,5.782554738,7.099979866,11.36660602,0,0,8.874850586,3.820858225,10.24412238,6.02138479,4.167605607,11.3556332,0.26844134,-0.05921864,0.02518857
5142,4,Cc1cc(C)cc(C(=O)SS[S+]=P2(N(C)C(C)(C)C)N(C)c3ccc4ccccc4c3-c3c(ccc4ccccc34)N2C)c1,693.3517238,775.6547535,0.939707184,0.644200755,0.939707184,15.41311032,30.81321444,0.299958261,64.12309334,0.285078152,0.798233077,4.575010211,5.90154021,11.44996753,20.05654807,0,0,8.755968763,2.672512393,11.10301677,5.932560688,3.741304418,8.826518364,0.27141216,-0.04698467,0.02472351
5144,0,Cc1ccc(C(=O)SS[S+]=P2(N(C)C(C)(C)C)N(C)c3ccc4ccccc4c3-c3c(ccc4ccccc34)N2C)cc1,673.8468137,754.8090569,0.925864238,0.685321934,0.925864238,13.31132255,32.56926191,1.299819132,53.86726824,0.420329593,0.782475838,5.600164706,5.773011613,7.42997893,12.12883625,0,0,8.878921594,3.514746212,10.23920211,6.01982476,4.174584572,11.8258652,0.26871683,-0.06100018,0.02740937
5144,1,Cc1ccc(C(=O)SS[S+]=P2(N(C)C(C)(C)C)N(C)c3ccc4ccccc4c3-c3c(ccc4ccccc34)N2C)cc1,673.8469881,753.54707,0.92522363,0.676691204,0.92522363,13.91183334,32.39202584,0.899874784,53.41625591,0.465700291,0.781599699,5.956218131,5.765319075,8.329976378,13.6395212,0,0,8.889460202,3.472231401,10.22007245,6.016556128,4.181566515,11.66913065,0.26896234,-0.06298965,0.02609491
5144,2,Cc1ccc(C(=O)SS[S+]=P2(N(C)C(C)(C)C)N(C)c3ccc4ccccc4c3-c3c(ccc4ccccc34)N2C)cc1,670.4470317,751.1268606,0.92569535,0.676598025,0.92569535,14.1120036,32.40833186,1.099846958,53.39299685,0.463340131,0.782753125,5.904361476,5.77747323,8.259976576,13.52852332,0,0,8.888578541,3.44355086,10.22597023,6.02296021,4.164174545,11.63469719,0.27013884,-0.06165389,0.02588834
5144,3,Cc1ccc(C(=O)SS[S+]=P2(N(C)C(C)(C)C)N(C)c3ccc4ccccc4c3-c3c(ccc4ccccc34)N2C)cc1,644.6668093,750.0690614,0.930732855,0.690982575,0.930732855,13.11115228,32.17675779,0.69990261,56.49469458,0.239489126,0.78379324,3.902805783,5.774386033,9.819972153,17.50694641,0,0,7.685534317,2.409793684,10.94575107,6.007804811,4.061612906,8.764819584,0.26766374,-0.05572934,0.04496945
5144,4,Cc1ccc(C(=O)SS[S+]=P2(N(C)C(C)(C)C)N(C)c3ccc4ccccc4c3-c3c(ccc4ccccc34)N2C)cc1,634.8669822,749.1181696,0.930360138,0.652185054,0.930360138,13.91183334,30.53790226,1.099846958,56.87526409,0.089801056,0.776614316,1.845666997,5.710662284,13.87996064,26.34193029,0,0,8.091938941,1.846846248,11.06854461,6.012862395,4.004786676,8.969647221,0.27726375,-0.08378124,0.04713557
4280,0,Cc1ccccc1C(=O)SS[S+]=P1(N(C)C(C)(C)C)N(C)c2ccc3ccccc3c2-c2c(ccc3ccccc23)N1C,667.9420633,750.9618035,0.925485697,0.674769381,0.925485697,14.01191847,32.49886515,1.299819132,53.87913397,0.480116634,0.782040883,6.006145049,5.7704626,8.549975754,13.81622712,0,0,8.894641403,3.773865511,10.22720421,6.021735515,4.172196807,10.53763145,0.27077929,-0.06549902,0.02373006
4280,1,Cc1ccccc1C(=O)SS[S+]=P1(N(C)C(C)(C)C)N(C)c2ccc3ccccc3c2-c2c(ccc3ccccc23)N1C,665.6434255,748.7253225,0.925724469,0.675520639,0.925724469,13.81174821,32.46423384,0.999860871,53.02449534,0.480475344,0.781583973,6.02153336,5.765925797,8.359976293,13.34435605,0,0,8.894255071,3.796926064,10.22682731,6.019425479,4.177521911,10.55084031,0.2702082,-0.06564994,0.02343833
4280,2,Cc1ccccc1C(=O)SS[S+]=P1(N(C)C(C)(C)C)N(C)c2ccc3ccccc3c2-c2c(ccc3ccccc23)N1C,664.2403536,749.3882899,0.925934122,0.692642331,0.925934122,12.41055636,32.98944573,1.299819132,54.15597309,0.449515091,0.78309844,5.814627192,5.780292055,6.669981085,10.90537017,0,0,8.879379373,3.730087796,10.23266472,6.018009814,4.174826059,10.76253928,0.2673786,-0.05222319,0.01926743
4280,3,Cc1ccccc1C(=O)SS[S+]=P1(N(C)C(C)(C)C)N(C)c2ccc3ccccc3c2-c2c(ccc3ccccc23)N1C,669.1418841,750.7479631,0.925043095,0.668031355,0.925043095,14.51234413,32.38764742,0.899874784,53.12760763,0.512961951,0.781808612,6.254970106,5.768046978,9.49997306,15.37859006,0,0,8.891937815,3.714532131,10.19658343,6.018899167,4.182909434,10.38562321,0.2709535,-0.06654263,0.02251842
4280,4,Cc1ccccc1C(=O)SS[S+]=P1(N(C)C(C)(C)C)N(C)c2ccc3ccccc3c2-c2c(ccc3ccccc23)N1C,639.0592597,748.4278783,0.928601379,0.699106644,0.928601379,11.9101307,33.67233361,0.799888697,52.91216505,0.05092231,0.750453104,1.622314855,5.450970739,7.019980093,12.47254127,0,0,8.277700911,3.021197456,10.91914374,5.95553642,3.989737726,8.791731674,0.27160254,-0.04824693,0.04062587
5157,0,CN1c2ccc3ccccc3c2-c2c(ccc3ccccc23)N(C)P1(=[S+]SSC(=O)c1ccccc1C(F)(F)F)N(C)C(C)(C)C,686.224452,764.8796953,0.92542746,0.671589638,0.614249441,14.51234413,32.43100389,6.794697485,32.30574537,0.420292114,0.011260062,5.65609654,0.075582085,9.509973032,15.77685483,6.420150006,7.484462271,8.871990029,3.632344438,10.2165279,5.638276285,3.528135124,12.92631718,0.27492111,-0.06724883,0.03940824
5157,1,CN1c2ccc3ccccc3c2-c2c(ccc3ccccc23)N(C)P1(=[S+]SSC(=O)c1ccccc1C(F)(F)F)N(C)C(C)(C)C,661.9344508,762.0107977,0.927704529,0.671048034,0.638470229,14.61242926,32.94481066,6.594853442,33.45413009,0.150586876,0.011835633,3.419846967,0.079435808,8.729975244,14.42778644,5.620131313,7.510101755,8.650485034,3.118768575,10.6801821,6.900236365,2.042867154,11.30994046,0.27881951,-0.06043916,0.04390984
5157,2,CN1c2ccc3ccccc3c2-c2c(ccc3ccccc23)N(C)P1(=[S+]SSC(=O)c1ccccc1C(F)(F)F)N(C)C(C)(C)C,683.0275778,765.1772557,0.940138138,0.636583349,0.616543981,15.81345085,30.63473269,6.295087376,31.73676941,0.287351836,0.008795202,4.581523407,0.059067671,12.81996365,23.22441722,6.170144164,7.955728269,8.752891238,2.60481003,11.10276748,5.834416216,2.553804031,13.31633004,0.27551818,-0.04964931,0.03973919
5157,3,CN1c2ccc3ccccc3c2-c2c(ccc3ccccc23)N(C)P1(=[S+]SSC(=O)c1ccccc1C(F)(F)F)N(C)C(C)(C)C,682.1263729,763.3539555,0.924035594,0.67160711,0.616934169,14.21208874,32.26801881,6.594853442,32.2334071,0.51409929,0.017402219,6.323925958,0.116815101,8.849974903,14.14927243,6.65015538,7.551321108,8.880570102,3.923076999,10.28185364,6.043948353,4.197740557,12.69535721,0.2730913,-0.05984039,0.03385917
5157,4,CN1c2ccc3ccccc3c2-c2c(ccc3ccccc23)N(C)P1(=[S+]SSC(=O)c1ccccc1C(F)(F)F)N(C)C(C)(C)C,683.4258048,763.3985655,0.92412295,0.668415719,0.61726612,14.412259,32.15131676,6.594853442,32.67480304,0.549257784,0.017525569,6.553018146,0.117657615,9.31997357,15.04985305,6.700156548,7.674137574,8.876708331,3.717556707,10.37674136,6.152221603,4.36336513,12.48038183,0.27354344,-0.05900246,0.03381895
5166,0,CN1c2ccc3ccccc3c2-c2c(ccc3ccccc23)N(C)P1(=[S+]SSC(=O)c1ccc(C(F)(F)F)cc1)N(C)C(C)(C)C,660.6358997,758.2257455,0.927727823,0.703293887,0.712571049,11.50979017,33.50427749,5.195945136,35.70563336,0.050428124,0.066502897,1.692992575,0.446395044,5.589984148,10.2720283,4.350101639,8.658708185,8.499264161,2.765183278,10.8815987,7.653049529,1.957820895,10.98931901,0.27581164,-0.04372868,0.04940672
5166,1,CN1c2ccc3ccccc3c2-c2c(ccc3ccccc23)N(C)P1(=[S+]SSC(=O)c1ccc(C(F)(F)F)cc1)N(C)C(C)(C)C,682.3260269,763.8640534,0.925054743,0.678752795,0.618296916,13.91183334,32.42637376,6.295087376,32.13220328,0.44000709,0.02593297,5.783851138,0.174053139,8.129976945,13.28588054,6.550153043,7.747547798,8.88087174,3.556352497,10.59522434,5.623261747,4.009293594,12.93694358,0.27325164,-0.06360944,0.03742818
5166,2,CN1c2ccc3ccccc3c2-c2c(ccc3ccccc23)N(C)P1(=[S+]SSC(=O)c1ccc(C(F)(F)F)cc1)N(C)C(C)(C)C,685.5242468,765.3400945,0.923750233,0.665026323,0.614622158,15.01276979,32.14834005,6.794697485,32.47463436,0.53993462,0.010875254,6.499696054,0.072998478,9.949971784,16.27265884,6.710156782,7.588407807,8.876745019,3.359567625,10.40456703,5.898612821,4.239573952,12.54245506,0.2737908,-0.06238039,0.03351021
5166,3,CN1c2ccc3ccccc3c2-c2c(ccc3ccccc23)N(C)P1(=[S+]SSC(=O)c1ccc(C(F)(F)F)cc1)N(C)C(C)(C)C,680.0275549,761.839634,0.923930768,0.664379892,0.61481434,15.31302519,32.27314259,6.49493142,32.18901385,0.545466187,0.011864704,6.525544782,0.079641864,10.06997144,16.51718,6.76015795,7.668677011,8.876203191,3.309521171,10.41007805,5.910437341,4.216248849,12.45869636,0.27411075,-0.0621439,0.03377666
5166,4,CN1c2ccc3ccccc3c2-c2c(ccc3ccccc23)N(C)P1(=[S+]SSC(=O)c1ccc(C(F)(F)F)cc1)N(C)C(C)(C)C,681.2271967,760.420384,0.924821795,0.679038157,0.618483274,14.01191847,32.60751915,6.49493142,32.20560453,0.441539644,0.026368195,5.799863377,0.176970023,8.0399772,13.06931267,6.470151174,7.649379731,8.881577483,3.561146477,10.59710825,5.647318773,4.010936074,12.94986608,0.27285833,-0.06370016,0.0373062
5156,0,CN1c2ccc3ccccc3c2-c2c(ccc3ccccc23)N(C)P1(=[S+]SSC(=O)c1ccc([N+](=O)[O-])cc1)N(C)C(C)(C)C,651.8870516,747.4949428,0.926155423,0.634504286,0.752900205,15.31302519,30.53082419,5.295867158,41.57729638,0.698079296,0.016838149,7.315457791,0.11274117,15.49995605,29.01377908,0.240005608,0.293987497,8.770267125,1.896356588,10.52504037,9.646031412,4.183253836,9.268412209,0.29079499,-0.07148713,0.02960381
5156,1,CN1c2ccc3ccccc3c2-c2c(ccc3ccccc23)N(C)P1(=[S+]SSC(=O)c1ccc([N+](=O)[O-])cc1)N(C)C(C)(C)C,647.3071205,753.9642209,0.927722,0.692566623,0.731468971,12.01021583,31.72514051,4.996101092,37.15302266,0.128615585,0.039075784,2.880803972,0.262314734,8.329976378,14.96772252,3.86009019,7.604032024,7.946706369,2.604337511,10.96627087,7.501465725,2.058825197,10.09298602,0.27299491,-0.05183699,0.05415766
5156,2,CN1c2ccc3ccccc3c2-c2c(ccc3ccccc23)N(C)P1(=[S+]SSC(=O)c1ccc([N+](=O)[O-])cc1)N(C)C(C)(C)C,625.6995628,744.0569812,0.954452805,0.627300363,0.795838381,15.11285492,29.51651003,4.196724918,40.91160722,0.005202345,0.015425594,2.185825418,0.102996322,15.98995466,32.19031138,1.420033179,1.953153808,8.2382452,1.826898058,11.08483421,10.31060613,3.803496795,7.318075025,0.29612166,-0.04303913,0.032736
5156,3,CN1c2ccc3ccccc3c2-c2c(ccc3ccccc23)N(C)P1(=[S+]SSC(=O)c1ccc([N+](=O)[O-])cc1)N(C)C(C)(C)C,675.6891157,757.0597591,0.924850913,0.679603056,0.61883852,13.51149281,32.33344944,6.295087376,32.10993178,0.441093598,0.025507351,5.796140799,0.171120093,8.019977257,13.16062576,6.500151875,7.723345173,8.881406046,3.575082031,10.63261523,5.637208343,3.822141107,12.96678874,0.2736135,-0.06429874,0.03778691
5156,4,CN1c2ccc3ccccc3c2-c2c(ccc3ccccc23)N(C)P1(=[S+]SSC(=O)c1ccc([N+](=O)[O-])cc1)N(C)C(C)(C)C,671.7909136,750.9912505,0.924920798,0.679207044,0.618745341,13.91183334,32.58453307,6.395009398,32.16774204,0.441505939,0.025158785,5.798976923,0.168782477,8.109977002,13.31428443,6.450150707,7.650991653,8.881173845,3.576100762,10.62984174,5.631737225,3.83007104,12.96281406,0.27373647,-0.06427122,0.03774583
5159,0,Cc1cccc(C)c1C(=O)SS[S+]=P1(N(C)C(C)(C)C)N(C)c2ccc3ccccc3c2-c2c(ccc3ccccc23)N1C,691.8545537,779.1105541,0.926085539,0.687750419,0.926085539,14.31217387,33.98103329,0.999860871,54.10731061,0.435594533,0.777885213,5.685654709,5.728151641,8.509975867,13.86263912,0,0,8.889840119,3.604939339,10.22379072,6.022642918,4.170656524,10.69344889,0.27421,-0.07016142,0.03021191
5159,1,Cc1cccc(C)c1C(=O)SS[S+]=P1(N(C)C(C)(C)C)N(C)c2ccc3ccccc3c2-c2c(ccc3ccccc23)N1C,691.6523736,777.4240037,0.92531681,0.676469903,0.92531681,14.7125144,33.57564793,1.099846958,52.97357308,0.499691715,0.778159823,6.142480413,5.731670588,9.139974081,15.09037408,0,0,8.898919122,3.466918595,10.19997296,6.019961185,4.182037247,10.49576262,0.27431863,-0.06898599,0.02846629
5159,2,Cc1cccc(C)c1C(=O)SS[S+]=P1(N(C)C(C)(C)C)N(C)c2ccc3ccccc3c2-c2c(ccc3ccccc23)N1C,675.55578,774.8585444,0.925433284,0.757442695,0.925433284,10.30876859,39.75779578,1.199833045,53.43804503,0.637033906,0.774754354,7.039073968,5.696262445,2.329993393,3.288901776,0,0,8.844392877,4.119403884,10.22408113,6.015427226,4.347842334,8.702307819,0.27740925,-0.07877661,-0.00021114
5159,3,Cc1cccc(C)c1C(=O)SS[S+]=P1(N(C)C(C)(C)C)N(C)c2ccc3ccccc3c2-c2c(ccc3ccccc23)N1C,675.3565737,773.3109939,0.925101332,0.741520686,0.925101332,10.60902399,38.20789581,1.399805219,53.84870997,0.651043249,0.775844474,7.176666076,5.706029013,2.959991606,4.272034586,0,0,8.820603058,4.090812491,10.17365521,6.014783484,4.357278792,8.687793971,0.27764912,-0.07709505,-0.00146835
5159,4,Cc1cccc(C)c1C(=O)SS[S+]=P1(N(C)C(C)(C)C)N(C)c2ccc3ccccc3c2-c2c(ccc3ccccc23)N1C,652.1643196,770.6635395,0.928217015,0.684384318,0.928217015,13.91183334,34.40402018,0.899874784,52.74257752,0.027391416,0.747038943,1.403819929,5.419575334,7.279979355,12.8962698,0,0,8.458478359,2.916211778,10.86567827,5.959908699,3.966221742,8.743768749,0.27752321,-0.06840285,0.04537993
5153,0,Cc1cc(C)c(C(=O)SS[S+]=P2(N(C)C(C)(C)C)N(C)c3ccc4ccccc4c3-c3c(ccc4ccccc34)N2C)c(C)c1,715.0548724,801.3914278,0.925177041,0.670122065,0.925177041,15.11285492,33.28090403,1.199833045,53.6207045,0.511216839,0.779667199,6.238345441,5.746041262,9.709972465,15.83277805,0,0,8.899474562,3.525761186,10.19214654,6.017545574,4.18889552,11.52333068,0.27298295,-0.0712716,0.02636687
5153,1,Cc1cc(C)c(C(=O)SS[S+]=P2(N(C)C(C)(C)C)N(C)c3ccc4ccccc4c3-c3c(ccc4ccccc34)N2C)c(C)c1,696.259004,795.2630227,0.925811824,0.740553951,0.925811824,11.00936451,38.94801476,1.299819132,53.96198025,0.663862583,0.778218111,7.251439954,5.727644526,3.319990585,4.638923463,0,0,8.80658166,4.378953596,10.18393935,6.016619375,4.368476655,9.237805529,0.27727256,-0.07566139,-0.00104893
5153,2,Cc1cc(C)c(C(=O)SS[S+]=P2(N(C)C(C)(C)C)N(C)c3ccc4ccccc4c3-c3c(ccc4ccccc34)N2C)c(C)c1,710.7530439,800.8052507,0.940749627,0.637416139,0.940749627,15.91353598,31.40538992,0.199972174,61.06283842,0.211057935,0.798824594,4.090371873,5.908173092,11.87996631,21.92508143,0,0,8.691688651,2.48591917,11.12785272,5.933833355,3.702880886,8.769155916,0.272426,-0.05124167,0.02752558
5153,3,Cc1cc(C)c(C(=O)SS[S+]=P2(N(C)C(C)(C)C)N(C)c3ccc4ccccc4c3-c3c(ccc4ccccc34)N2C)c(C)c1,710.3517359,800.1879857,0.940842807,0.641766446,0.940842807,15.71336571,31.70098898,0.099986087,54.35849036,0.572024558,0.792754722,6.550102916,5.847522355,10.27997085,17.73390498,0,0,8.714832649,2.832971685,11.13780635,5.934692771,3.97429458,11.15245321,0.27245128,-0.0543993,0.02215849
5153,4,Cc1cc(C)c(C(=O)SS[S+]=P2(N(C)C(C)(C)C)N(C)c3ccc4ccccc4c3-c3c(ccc4ccccc34)N2C)c(C)c1,688.2559261,791.2549281,0.940976752,0.692962635,0.940976752,12.81089689,34.81789627,0.299958261,60.49708502,0.813698104,0.800470201,8.018343206,5.918788965,9.029974393,16.47423711,0,0,9.04030448,2.421345991,10.40696632,5.935281177,4.034194143,8.970092856,0.26899028,-0.04641488,0.04090902
5146,0,COc1cc(C)c(C(=O)SS[S+]=P2(N(C)C(C)(C)C)N(C)c3ccc4ccccc4c3-c3c(ccc4ccccc34)N2C)c(C)c1,713.9567424,807.6271125,0.940819512,0.645720742,0.940819512,15.61328058,31.41002607,0.099986087,68.64427652,0.591643826,0.797851802,6.719784234,5.897800531,11.10996849,17.73738659,0,0,8.679027725,3.156558304,11.15381341,5.934706383,3.973723036,10.98092079,0.26821891,-0.04681554,0.00725837
5146,1,COc1cc(C)c(C(=O)SS[S+]=P2(N(C)C(C)(C)C)N(C)c3ccc4ccccc4c3-c3c(ccc4ccccc34)N2C)c(C)c1,713.75808,805.3843349,0.941011694,0.643886275,0.941011694,15.81345085,31.49990143,0.099986087,53.45377512,0.597199106,0.797693455,6.771789544,5.896372701,11.29996796,18.05472062,0,0,8.665786963,3.179813302,11.15817811,5.934548951,3.976985369,10.78722924,0.26812434,-0.04703985,0.00630168
5146,2,COc1cc(C)c(C(=O)SS[S+]=P2(N(C)C(C)(C)C)N(C)c3ccc4ccccc4c3-c3c(ccc4ccccc34)N2C)c(C)c1,719.0624919,810.130761,0.940982575,0.637491847,0.940982575,16.31387651,31.56762703,0.299958261,60.51863462,0.612700068,0.795374572,6.957468762,5.873879735,10.57997,17.56281044,0,0,8.624819203,2.560778462,11.17064145,5.933914883,3.985328563,11.45087215,0.26936874,-0.0508614,0.01414194
5146,3,COc1cc(C)c(C(=O)SS[S+]=P2(N(C)C(C)(C)C)N(C)c3ccc4ccccc4c3-c3c(ccc4ccccc34)N2C)c(C)c1,706.0715348,808.348613,0.941000047,0.759678997,0.941000047,9.30791727,41.46652661,0,0,0.562067668,0.788880012,6.341102694,5.809165063,0.679998072,0.857162584,0,0,8.772885064,4.393365188,11.10794503,5.935103734,4.349146965,9.22496066,0.27511408,-0.06549934,-0.00488208
5146,4,COc1cc(C)c(C(=O)SS[S+]=P2(N(C)C(C)(C)C)N(C)c3ccc4ccccc4c3-c3c(ccc4ccccc34)N2C)c(C)c1,679.6542952,798.2574741,0.957003587,0.644515235,0.957003587,16.01362111,31.11800103,0,0,0.433204718,0.836107014,4.856415814,6.298435912,16.87995213,30.66560833,0,0,8.181942687,1.8,11.1112242,7.627611988,3.855628123,10.09648965,0.28227375,-0.05285946,0.049829
5152,0,CC(C)c1ccccc1C(=O)SS[S+]=P1(N(C)C(C)(C)C)N(C)c2ccc3ccccc3c2-c2c(ccc3ccccc23)N1C,685.1614725,797.2542747,0.930954156,0.744420891,0.930954156,11.00936451,39.64058752,1.299819132,54.92947318,0.021254623,0.741945166,0.243334993,5.374901317,4.329987721,6.702235344,0,0,8.698821738,3.673677521,10.39539462,5.965934906,4.357122555,8.628356302,0.28573589,-0.07616366,0.00627273
5152,1,CC(C)c1ccccc1C(=O)SS[S+]=P1(N(C)C(C)(C)C)N(C)c2ccc3ccccc3c2-c2c(ccc3ccccc23)N1C,702.3579706,797.0348734,0.924536433,0.649325615,0.924536433,15.41311032,31.68338809,1.299819132,53.26288817,0.67680251,0.780963307,7.365656428,5.759134244,11.83996642,20.15946682,0,0,8.772378513,2.617116428,10.23962662,6.016340489,4.214157841,9.400021987,0.27552828,-0.05938746,0.02199442
5152,2,CC(C)c1ccccc1C(=O)SS[S+]=P1(N(C)C(C)(C)C)N(C)c2ccc3ccccc3c2-c2c(ccc3ccccc23)N1C,706.8459879,799.2476574,0.940708861,0.640217341,0.940708861,16.01362111,31.71618454,0.199972174,53.87491907,0.582180082,0.794076112,6.663285925,5.860439015,12.00996594,18.65847556,0,0,8.684620125,3.358994819,11.14840525,5.934704129,3.975514334,10.30792433,0.27087447,-0.05155993,0.01943432
5152,3,CC(C)c1ccccc1C(=O)SS[S+]=P1(N(C)C(C)(C)C)N(C)c2ccc3ccccc3c2-c2c(ccc3ccccc23)N1C,686.4476557,793.9585338,0.944098258,0.691984253,0.944098258,11.9101307,33.10111643,0.299958261,58.76810598,0.205712569,0.793826191,3.880914458,5.860880696,4.559987069,7.5870443,0,0,8.71993179,3.295882836,11.07491827,5.934899735,4.035979501,8.759623629,0.28095635,-0.0634672,-0.00463049
5152,4,CC(C)c1ccccc1C(=O)SS[S+]=P1(N(C)C(C)(C)C)N(C)c2ccc3ccccc3c2-c2c(ccc3ccccc23)N1C,707.252388,797.2455339,0.940994223,0.624836936,0.940994223,17.01447243,30.66369679,0.099986087,55.36342115,0.59841192,0.792233628,6.909748416,5.843469371,14.79995803,25.73012223,0,0,8.62533607,2.606418799,11.17823796,5.933580693,3.984585167,9.937322071,0.27144737,-0.05155147,0.02149641
5164,0,CN1c2ccc3ccccc3c2-c2c(ccc3ccccc23)N(C)P1(=[S+]SSC(=O)c1cccc(C(F)(F)F)c1)N(C)C(C)(C)C,656.7414217,762.7527212,0.928240309,0.679434169,0.760337076,14.81259953,33.62108594,4.996101092,37.78981764,0.135948474,0.007441336,3.243080179,0.050304882,9.259973741,16.08441749,3.180074302,5.949262848,7.884373079,3.177687755,10.89250068,6.328848065,2.406938137,9.952435461,0.27386212,-0.05382085,0.05836338
5164,1,CN1c2ccc3ccccc3c2-c2c(ccc3ccccc23)N(C)P1(=[S+]SSC(=O)c1cccc(C(F)(F)F)c1)N(C)C(C)(C)C,678.9216556,763.6369625,0.925153746,0.700189853,0.704359625,11.9101307,33.57781378,5.295867158,35.88183601,0.442724971,0.030386201,5.802756992,0.204844574,5.899983269,9.120078913,2.040047665,1.864164048,8.866772073,4.257679283,10.25087944,6.74107957,3.992495277,13.06972644,0.26873712,-0.04477241,0.0391901
5164,2,CN1c2ccc3ccccc3c2-c2c(ccc3ccccc23)N(C)P1(=[S+]SSC(=O)c1cccc(C(F)(F)F)c1)N(C)C(C)(C)C,669.9281708,762.4464821,0.932095602,0.741922521,0.727922335,10.50893885,33.30837623,3.297426721,31.11778346,0.502213963,0.049469042,6.088198615,0.333675417,6.949980291,11.60013027,2.370055376,3.95272484,8.891832912,2.85721028,10.25114888,6.466144129,3.411349693,12.53718167,0.27799392,-0.03389911,0.03988002
5164,3,CN1c2ccc3ccccc3c2-c2c(ccc3ccccc23)N(C)P1(=[S+]SSC(=O)c1cccc(C(F)(F)F)c1)N(C)C(C)(C)C,673.4317624,767.0841947,0.942025019,0.68990519,0.724381523,13.51149281,32.42961416,3.597192786,32.289512,0.267510821,0.034882379,4.408136322,0.23554031,8.439976066,15.93828751,2.310053974,4.542845467,8.738904619,2.528335774,11.10791545,6.621741815,2.837412717,13.2791029,0.27643916,-0.02506484,0.04187267
5164,4,CN1c2ccc3ccccc3c2-c2c(ccc3ccccc23)N(C)P1(=[S+]SSC(=O)c1cccc(C(F)(F)F)c1)N(C)C(C)(C)C,665.8299525,760.4978022,0.931717061,0.73918538,0.727805861,10.70910912,33.17893088,3.497270765,32.24685271,0.511827592,0.049014623,6.147722281,0.330687436,7.109979838,11.92034671,2.440057012,4.084809685,8.891953037,2.829640435,10.23888812,6.457317438,3.405125863,12.43297229,0.27853589,-0.03397876,0.0401084
4279,0,CN1c2ccc3ccccc3c2-c2c(ccc3ccccc23)N(C)P1(=[S+]SSC(=O)c1ccccc1)N(C)C(C)(C)C,642.0542269,728.3873848,0.924687849,0.709490309,0.589131802,11.40970504,35.76463545,6.195165354,31.08612653,0.637040285,0.018393304,7.076123145,0.124039209,5.349984829,8.176238468,4.730110518,6.352541797,8.836144217,3.881847182,10.21915871,3.104198438,3.096425594,12.06969775,0.27660529,-0.08146375,-0.00675676
4279,1,CN1c2ccc3ccccc3c2-c2c(ccc3ccccc23)N(C)P1(=[S+]SSC(=O)c1ccccc1)N(C)C(C)(C)C,649.144718,728.5117624,0.924903327,0.675194512,0.61794167,13.71166308,32.08911994,6.594853442,31.82213104,0.480267192,0.018530011,6.040619764,0.12471815,8.449976038,14.07901841,6.680156081,7.69372251,8.890692811,3.435686182,10.22571658,6.014376958,3.441840861,12.80688245,0.27030618,-0.06248134,0.02773596
4279,2,CN1c2ccc3ccccc3c2-c2c(ccc3ccccc23)N(C)P1(=[S+]SSC(=O)c1ccccc1)N(C)C(C)(C)C,647.3457423,727.9057742,0.925165393,0.67432678,0.617697074,14.412259,32.32508735,6.694775464,31.60785935,0.478480106,0.017589727,6.02655582,0.118392303,8.589975641,14.32746839,6.720157015,7.739539931,8.889635408,3.431510641,10.21057267,5.978216666,3.455936688,12.77287331,0.27081109,-0.06251495,0.02779187
4279,3,CN1c2ccc3ccccc3c2-c2c(ccc3ccccc23)N(C)P1(=[S+]SSC(=O)c1ccccc1)N(C)C(C)(C)C,647.7460305,727.5620439,0.924833442,0.671409104,0.616817695,14.412259,32.21431972,6.395009398,31.98815496,0.499326477,0.014566051,6.187244484,0.098043269,8.899974762,14.83654955,6.730157249,7.67079912,8.889335108,3.410860546,10.20054888,6.017580325,3.500734378,12.71255149,0.27043796,-0.06303678,0.0269031
4279,4,CN1c2ccc3ccccc3c2-c2c(ccc3ccccc23)N(C)P1(=[S+]SSC(=O)c1ccccc1)N(C)C(C)(C)C,639.9495257,725.0869791,0.941407706,0.631155656,0.621849376,16.01362111,29.99648499,6.694775464,32.30604209,0.166553591,0.003716923,3.768532771,0.025043765,13.93996047,26.34931019,5.140120098,7.450471511,8.638561631,2.430497499,11.13630511,6.266296556,2.385490589,12.33083679,0.27150922,-0.04803329,0.0323594
5165,0,COc1ccc(C(=O)SS[S+]=P2(N(C)C(C)(C)C)N(C)c3ccc4ccccc4c3-c3c(ccc4ccccc34)N2C)cc1,682.9579743,762.287864,0.925666232,0.672422428,0.925666232,14.1120036,31.95010439,1.199833045,53.84334711,0.46945085,0.784555859,5.951815657,5.794974628,8.869974847,14.25403271,0,0,8.887678528,3.457401411,11.0227846,6.024732143,4.166738874,12.67505076,0.26955578,-0.0625332,0.02540858
5165,1,COc1ccc(C(=O)SS[S+]=P2(N(C)C(C)(C)C)N(C)c3ccc4ccccc4c3-c3c(ccc4ccccc34)N2C)cc1,683.6578168,764.8037461,0.925747764,0.676644614,0.925747764,13.61157794,32.02616818,1.299819132,53.47379704,0.457542144,0.783888168,5.867869116,5.787833598,8.329976378,13.54244257,0,0,8.888470379,3.471307952,11.10684322,6.022120726,4.169702155,12.79403807,0.26880532,-0.06231681,0.02627686
5165,2,COc1ccc(C(=O)SS[S+]=P2(N(C)C(C)(C)C)N(C)c3ccc4ccccc4c3-c3c(ccc4ccccc34)N2C)cc1,683.157682,763.4213087,0.925625466,0.67527022,0.925625466,14.21208874,32.30435946,1.499791306,54.00650576,0.465225185,0.784474384,5.947679564,5.794222315,8.369976264,13.94800219,0,0,8.885463521,3.492081453,10.74128232,6.022155654,4.167359232,12.43813549,0.26871017,-0.06107255,0.02492435
5165,3,COc1ccc(C(=O)SS[S+]=P2(N(C)C(C)(C)C)N(C)c3ccc4ccccc4c3-c3c(ccc4ccccc34)N2C)cc1,684.456931,766.1713004,0.925043095,0.66742569,0.925043095,14.31217387,31.93760836,1.199833045,53.8437045,0.512469601,0.783497626,6.267431544,5.784487213,9.589972805,15.48992936,0,0,8.889480031,3.360198436,10.93998596,6.018217102,4.184533881,12.5149281,0.26914711,-0.06334471,0.02450333
5165,4,COc1ccc(C(=O)SS[S+]=P2(N(C)C(C)(C)C)N(C)c3ccc4ccccc4c3-c3c(ccc4ccccc34)N2C)cc1,683.5568786,765.9816928,0.925072214,0.672329249,0.925072214,14.21208874,32.14606685,0.899874784,52.40476926,0.496282402,0.783856072,6.158143,5.788276324,8.839974932,14.72462897,0,0,8.889867233,3.409875369,10.68957987,6.018530747,4.17901324,12.32029302,0.26862494,-0.06143194,0.02439848
5160,0,Cc1cccc(C(=O)SS[S+]=P2(N(C)C(C)(C)C)N(C)c3ccc4ccccc4c3-c3c(ccc4ccccc34)N2C)c1,671.9472687,751.820531,0.92511298,0.672113772,0.92511298,14.1120036,32.20832241,1.199833045,53.13723414,0.507695437,0.780752842,6.21383161,5.757784021,8.88997479,14.46760293,0,0,8.893935641,3.583643691,10.21766468,6.016557983,4.187057089,11.27613394,0.27027068,-0.06236119,0.02601838
5160,1,Cc1cccc(C(=O)SS[S+]=P2(N(C)C(C)(C)C)N(C)c3ccc4ccccc4c3-c3c(ccc4ccccc34)N2C)c1,674.8471642,756.9149055,0.926038949,0.685904305,0.926038949,13.51149281,32.94456402,1.299819132,54.30778244,0.386572371,0.780894864,5.40694051,5.756056084,7.389979044,12.41621674,0,0,8.858967607,3.68747942,10.22366497,6.015021187,4.187421391,10.85213912,0.26854591,-0.06340177,0.02704103
5160,2,Cc1cccc(C(=O)SS[S+]=P2(N(C)C(C)(C)C)N(C)c3ccc4ccccc4c3-c3c(ccc4ccccc34)N2C)c1,672.6453686,756.1874303,0.925683703,0.682025717,0.925683703,13.81174821,32.51070746,1.099846958,53.93117893,0.413711165,0.780981136,5.61108624,5.757665434,7.769977966,12.80419655,0,0,8.871629076,3.638093695,10.20584754,6.014119285,4.191330218,10.78815124,0.26871581,-0.06384923,0.02651861
5160,3,Cc1cccc(C(=O)SS[S+]=P2(N(C)C(C)(C)C)N(C)c3ccc4ccccc4c3-c3c(ccc4ccccc34)N2C)c1,670.8468111,749.9093752,0.925345928,0.677098863,0.925345928,14.31217387,32.61018086,1.099846958,53.84001524,0.484483079,0.781392669,6.044510652,5.763882743,8.189976775,13.25669624,0,0,8.894637018,3.621940535,10.231073,6.018912963,4.17801844,11.29726873,0.27016275,-0.061265,0.02673152
5160,4,Cc1cccc(C(=O)SS[S+]=P2(N(C)C(C)(C)C)N(C)c3ccc4ccccc4c3-c3c(ccc4ccccc34)N2C)c1,670.9450038,753.0269098,0.925299338,0.675875885,0.925299338,13.81174821,32.13692267,1.299819132,53.48516109,0.484557647,0.781504429,6.042055942,5.765072342,8.369976264,13.62129934,0,0,8.894083455,3.627120067,10.22400852,6.019859735,4.177517778,11.29732287,0.27041578,-0.06152168,0.02665339
5161,0,COc1ccccc1C(=O)SS[S+]=P1(N(C)C(C)(C)C)N(C)c2ccc3ccccc3c2-c2c(ccc3ccccc23)N1C,679.345115,763.7442704,0.927221161,0.704248975,0.927221161,11.81004557,33.39992354,0.999860871,54.24497643,0.372091629,0.793637448,5.282297288,5.883376047,5.779983609,9.572605023,0,0,8.829575877,3.715034881,10.21562049,6.03201635,4.135450349,10.83572183,0.26135736,-0.04107917,0.00086415
5161,1,COc1ccccc1C(=O)SS[S+]=P1(N(C)C(C)(C)C)N(C)c2ccc3ccccc3c2-c2c(ccc3ccccc23)N1C,649.9702125,755.8196228,0.928292723,0.702332976,0.928292723,11.9101307,32.9702721,0.799888697,56.62296323,0.121826752,0.787373397,2.742736205,5.813889296,7.349979157,12.84056519,0,0,7.959603036,3.001132239,10.96335561,6.009327565,3.994344018,8.83260847,0.26561093,-0.04931049,0.04310688
5161,2,COc1ccccc1C(=O)SS[S+]=P1(N(C)C(C)(C)C)N(C)c2ccc3ccccc3c2-c2c(ccc3ccccc23)N1C,676.7477069,758.2002848,0.926446608,0.694989284,0.926446608,12.01021583,32.84218463,1.199833045,54.86123008,0.436220232,0.792173357,5.742005675,5.869676302,6.489981596,10.76108687,0,0,8.865553192,3.56857504,10.20262878,6.026706296,4.148626383,10.70235895,0.26241734,-0.0433159,0.00069572
5161,3,COc1ccccc1C(=O)SS[S+]=P1(N(C)C(C)(C)C)N(C)c2ccc3ccccc3c2-c2c(ccc3ccccc23)N1C,681.7527005,765.7165148,0.926365076,0.68504822,0.926365076,13.31132255,32.9950713,0.899874784,53.85391907,0.443326692,0.786801104,5.705669492,5.817334546,7.439978902,11.74899403,0,0,8.887505651,4.075856032,10.25799675,6.030808428,4.193894075,10.63087546,0.26849594,-0.05774224,0.02512709
5161,4,COc1ccccc1C(=O)SS[S+]=P1(N(C)C(C)(C)C)N(C)c2ccc3ccccc3c2-c2c(ccc3ccccc23)N1C,679.4555734,760.1415116,0.924786852,0.663325801,0.924786852,14.91268466,32.40576503,1.199833045,53.37688231,0.588852202,0.78551803,6.738409398,5.802753798,9.999971642,16.24359669,0,0,8.877062562,3.610505823,10.20782566,6.017718822,4.201118693,10.0702606,0.2696762,-0.0621704,0.02363469
5150,0,CN1c2ccc3ccccc3c2-c2c(ccc3ccccc23)N(C)P1(=[S+]SSC(=O)c1ccc2ccccc2c1)N(C)C(C)(C)C,657.3505445,779.4804209,0.929707883,0.651771571,0.792151975,14.31217387,31.69000967,3.097582677,34.31603428,0.073345508,0.034075789,1.519616216,0.229172738,13.65996126,26.46566152,2.90006776,4.924672027,8.128733491,1.890688437,11.08625073,7.824186843,2.327292911,9.082057675,0.27756436,-0.08510618,0.04639807
5150,1,CN1c2ccc3ccccc3c2-c2c(ccc3ccccc23)N(C)P1(=[S+]SSC(=O)c1ccc2ccccc2c1)N(C)C(C)(C)C,702.6237186,784.9163317,0.925549758,0.673261042,0.617370947,14.21208874,32.59581586,6.994541529,32.93489976,0.479147015,0.014624994,6.011154312,0.098537944,8.799975045,13.90836422,6.720157015,7.583908656,8.888609735,3.690845354,11.20355772,6.039373316,4.199549965,12.73785262,0.27045885,-0.06206438,0.02386339
5150,2,CN1c2ccc3ccccc3c2-c2c(ccc3ccccc23)N(C)P1(=[S+]SSC(=O)c1ccc2ccccc2c1)N(C)C(C)(C)C,693.6284518,784.8884193,0.940557445,0.640380404,0.625722139,15.61328058,30.59790605,6.49493142,32.59156531,0.217448583,0.016764373,4.095417826,0.113029123,12.48996458,22.27908524,5.210121734,7.64977145,8.702237563,2.520417621,11.15953395,6.537542768,2.430095768,12.8919563,0.27077512,-0.04752823,0.02894873
5150,3,CN1c2ccc3ccccc3c2-c2c(ccc3ccccc23)N(C)P1(=[S+]SSC(=O)c1ccc2ccccc2c1)N(C)C(C)(C)C,696.9254518,784.1730073,0.925736116,0.682031541,0.619228709,13.51149281,32.67360968,6.295087376,32.31428597,0.404564419,0.02299402,5.532430094,0.154917213,7.819977824,12.74506912,6.490151641,7.606276881,8.869526804,3.637988102,10.93173215,5.872884125,3.692552452,13.0184271,0.26843628,-0.06405283,0.02768685
5150,4,CN1c2ccc3ccccc3c2-c2c(ccc3ccccc23)N(C)P1(=[S+]SSC(=O)c1ccc2ccccc2c1)N(C)C(C)(C)C,701.9256607,782.4640767,0.924757734,0.67025601,0.616654631,14.81259953,32.49018621,6.994541529,32.77379686,0.511613939,0.012672169,6.266747639,0.085390387,9.149974053,15.20828122,6.850160053,7.728031411,8.887839961,3.374529242,10.62281733,6.200101514,3.864266565,12.64786703,0.26968299,-0.0619915,0.02400167
5145,0,CN1c2ccc3ccccc3c2-c2c(ccc3ccccc23)N(C)P1(=[S+]SSC(=O)c1ccccc1-c1ccccc1)N(C)C(C)(C)C,710.0322749,819.5338803,0.936300317,0.71515095,0.680098071,13.61157794,35.78699956,2.997660655,36.63944995,0.609449745,0.069247154,6.9248572,0.470154959,8.939974648,14.97943451,1.300030375,1.542834253,8.819257141,3.254731678,10.27598535,5.411123983,3.705591247,12.72518647,0.27706025,-0.06507312,0.03131241
5145,1,CN1c2ccc3ccccc3c2-c2c(ccc3ccccc23)N(C)P1(=[S+]SSC(=O)c1ccccc1-c1ccccc1)N(C)C(C)(C)C,709.2346534,820.0043769,0.928746972,0.704907054,0.750227124,14.1120036,37.53059829,3.79703683,34.41706647,0.001488316,0.019725808,1.383897395,0.133975253,5.059985651,8.700987138,3.490081545,6.698834901,8.380312008,3.498921757,10.8480188,6.379177526,2.343078962,10.05590385,0.27644741,-0.06455964,0.04623893
5145,2,CN1c2ccc3ccccc3c2-c2c(ccc3ccccc23)N(C)P1(=[S+]SSC(=O)c1ccccc1-c1ccccc1)N(C)C(C)(C)C,701.5358276,814.6996076,0.9412097,0.622321096,0.653431327,16.71421703,32.15665833,2.997660655,36.31366116,0.590848122,0.044252233,6.909316207,0.298479079,13.71996109,23.98967393,1.030024066,0.862967899,8.638143169,4.350557083,11.17602323,3.105800826,3.777058398,11.48764982,0.27145532,-0.0597654,-0.01161739
5145,3,CN1c2ccc3ccccc3c2-c2c(ccc3ccccc23)N(C)P1(=[S+]SSC(=O)c1ccccc1-c1ccccc1)N(C)C(C)(C)C,732.8249183,822.4728633,0.938699683,0.671018915,0.70824986,13.11115228,32.35549772,2.69789459,39.08752111,0.306307477,0.112124619,4.541920427,0.759324119,7.319979242,13.07421397,0,0,8.794678814,2.933401909,11.05922667,7.51361793,3.608502387,13.76290489,0.26771905,-0.03188235,0.02479157
5145,4,CN1c2ccc3ccccc3c2-c2c(ccc3ccccc23)N(C)P1(=[S+]SSC(=O)c1ccccc1-c1ccccc1)N(C)C(C)(C)C,702.2352223,813.7445471,0.925514816,0.675310986,0.695158172,15.31302519,36.82570211,2.69789459,42.25307305,0.093135344,0.090377605,1.08911521,0.609707702,7.139979752,11.31093954,0,0,8.688467946,3.464501982,10.48704421,3.532483203,3.737624373,11.4573006,0.2789921,-0.08285253,0.00598613
5143,0,CN1c2ccc3ccccc3c2-c2c(ccc3ccccc23)N(C)P1(=[S+]SSC(=O)c1ccc(F)cc1)N(C)C(C)(C)C,628.4576104,729.8786652,0.92918375,0.691401882,0.740798546,12.91098202,32.63329104,4.496490983,36.17287581,0.184538216,0.02518197,3.428127133,0.16924272,9.209973882,16.62107035,3.64008505,7.070211237,7.802337114,2.509968042,10.96606863,7.418903499,2.101431199,9.89950712,0.26985731,-0.05330272,0.05027284
5143,1,CN1c2ccc3ccccc3c2-c2c(ccc3ccccc23)N(C)P1(=[S+]SSC(=O)c1ccc(F)cc1)N(C)C(C)(C)C,617.838286,724.8650644,0.95564084,0.630095742,0.785309122,15.01276979,29.63270791,5.495711202,42.79610557,0.051685398,0.016587199,2.034822657,0.110935087,15.58995579,31.53023285,0.640014954,0.87369372,8.403697463,1.865209314,10.95113207,10.64051176,4.077945861,7.496563871,0.29300074,-0.05048252,0.03328619
5143,2,CN1c2ccc3ccccc3c2-c2c(ccc3ccccc23)N(C)P1(=[S+]SSC(=O)c1ccc(F)cc1)N(C)C(C)(C)C,654.836841,736.2710258,0.925468226,0.682806094,0.619933377,13.71166308,32.49567098,6.49493142,31.8482348,0.430654048,0.02475277,5.693909657,0.166371946,7.629978363,12.63792037,6.410149772,7.62410659,8.880047455,3.537464173,10.24800453,5.847566824,3.475711568,12.97346192,0.27119798,-0.06191958,0.03381691
5143,3,CN1c2ccc3ccccc3c2-c2c(ccc3ccccc23)N(C)P1(=[S+]SSC(=O)c1ccc(F)cc1)N(C)C(C)(C)C,653.2365772,733.1303482,0.925549758,0.680826034,0.619653839,13.51149281,32.34397641,6.49493142,32.07238849,0.442613207,0.023148081,5.789768807,0.155586894,7.749978023,12.78067107,6.560153277,7.689934927,8.882966807,3.539891259,10.24045514,5.86867913,3.519725386,12.96006071,0.27089479,-0.06227713,0.03311648
5143,4,CN1c2ccc3ccccc3c2-c2c(ccc3ccccc23)N(C)P1(=[S+]SSC(=O)c1ccc(F)cc1)N(C)C(C)(C)C,653.336602,734.5450473,0.924338427,0.662230945,0.614127143,14.51234413,31.71811022,6.49493142,31.77720753,0.555873989,0.007604928,6.593862185,0.051129512,10.28997082,17.26254666,6.87016052,7.717815207,8.874412887,3.270359208,10.17585015,6.044236113,3.771245225,12.37407523,0.27227738,-0.06238236,0.02944358
5151,0,COc1cccc(C(=O)SS[S+]=P2(N(C)C(C)(C)C)N(C)c3ccc4ccccc4c3-c3c(ccc4ccccc34)N2C)c1,684.5584312,763.2841011,0.925875885,0.673971534,0.925875885,14.51234413,32.50956803,1.199833045,53.32972419,0.433807503,0.78113464,5.745872527,5.759590115,8.929974676,14.78152716,0,0,8.877681586,3.593274625,10.1942312,6.017315213,4.18185913,11.37356736,0.26982489,-0.06405828,0.0286669
5151,1,COc1cccc(C(=O)SS[S+]=P2(N(C)C(C)(C)C)N(C)c3ccc4ccccc4c3-c3c(ccc4ccccc34)N2C)c1,668.5626606,764.1714392,0.942409383,0.631668142,0.942409383,16.01362111,29.89417866,0.199972174,58.89063818,0.160460643,0.800619801,3.726201387,5.928819736,14.33995933,28.12782646,0,0,8.640591364,2.246779622,11.15143129,5.934650644,3.734223229,8.861556099,0.27200608,-0.04724266,0.03499209
5151,2,COc1cccc(C(=O)SS[S+]=P2(N(C)C(C)(C)C)N(C)c3ccc4ccccc4c3-c3c(ccc4ccccc34)N2C)c1,682.3570405,762.8166431,0.925992359,0.686014955,0.925992359,13.51149281,32.73879064,1.199833045,53.58148996,0.368015369,0.780502484,5.307209751,5.751411691,7.399979015,12.2317994,0,0,8.844561959,3.780796982,10.20365087,6.013334094,4.192679277,10.87414687,0.26874184,-0.06411686,0.02746648
5151,3,COc1cccc(C(=O)SS[S+]=P2(N(C)C(C)(C)C)N(C)c3ccc4ccccc4c3-c3c(ccc4ccccc34)N2C)c1,682.6587859,764.3869162,0.926411666,0.685065691,0.926411666,13.21123742,32.20838257,1.199833045,53.36334291,0.330661546,0.780340203,5.03930314,5.747523034,7.939977484,13.01977969,0,0,8.821563964,3.838221545,10.22773545,6.011908943,4.201924348,11.71190772,0.2680239,-0.06695545,0.03161028
5151,4,COc1cccc(C(=O)SS[S+]=P2(N(C)C(C)(C)C)N(C)c3ccc4ccccc4c3-c3c(ccc4ccccc34)N2C)c1,679.5615476,763.2985848,0.941087402,0.637951919,0.941087402,16.21379137,30.73296456,0,0,0.605544755,0.793716071,6.857715454,5.857375565,12.47996461,21.46612812,0,0,8.647978606,2.529150248,11.16246502,5.934437716,3.981465667,10.54243718,0.26990046,-0.04586449,0.02109143
5148,0,CC(C)c1cccc(C(C)C)c1C(=O)SS[S+]=P1(N(C)C(C)(C)C)N(C)c2ccc3ccccc3c2-c2c(ccc3ccccc23)N1C,758.8623214,868.7816736,0.940341968,0.63680465,0.940341968,16.11370624,31.67361886,0.599916523,60.14578277,0.145880649,0.798178355,3.475658574,5.901793018,12.70996396,22.25513169,0,0,8.62541104,3.023275108,11.11300087,5.933978869,4.392214396,8.788934363,0.27475267,-0.04765876,0.02557966
5148,1,CC(C)c1cccc(C(C)C)c1C(=O)SS[S+]=P1(N(C)C(C)(C)C)N(C)c2ccc3ccccc3c2-c2c(ccc3ccccc23)N1C,757.7596643,866.7048438,0.925893356,0.71049781,0.925893356,12.41055636,37.88017833,1.099846958,52.44775374,0.445181844,0.745823198,5.736716732,5.408718653,3.269990727,5.114445023,0,0,8.919595784,3.085623023,10.41446372,5.965701227,4.270245412,9.188845034,0.27934897,-0.0726766,0.02595725
5148,2,CC(C)c1cccc(C(C)C)c1C(=O)SS[S+]=P1(N(C)C(C)(C)C)N(C)c2ccc3ccccc3c2-c2c(ccc3ccccc23)N1C,739.1659227,860.7715967,0.928397549,0.660705134,0.928397549,15.31302519,34.52002696,1.399805219,56.83485123,0.069657344,0.746871008,2.402499885,5.418280542,9.369973429,15.32471597,0,0,8.529187534,3.089569456,10.86285538,5.962392483,4.306655819,8.803251925,0.27921155,-0.06848164,0.04238243
5148,3,CC(C)c1cccc(C(C)C)c1C(=O)SS[S+]=P1(N(C)C(C)(C)C)N(C)c2ccc3ccccc3c2-c2c(ccc3ccccc23)N1C,734.8600696,861.3316447,0.92616707,0.635243897,0.92616707,15.51319545,31.9797351,1.399805219,53.82008743,0.681080414,0.775927065,7.182978058,5.706416924,14.88995778,26.19349043,0,0,8.81092857,1.987449756,10.43381902,6.033803311,4.089952801,8.815017439,0.28920777,-0.07820027,0.01583629
5148,4,CC(C)c1cccc(C(C)C)c1C(=O)SS[S+]=P1(N(C)C(C)(C)C)N(C)c2ccc3ccccc3c2-c2c(ccc3ccccc23)N1C,763.1535037,870.9538409,0.94001584,0.663785874,0.94001584,13.71166308,34.271605,0.299958261,57.24755743,0.562392984,0.789922485,6.338984861,5.818939298,10.26997088,17.79267921,0,0,8.796256456,2.194224396,11.11907118,5.939080785,3.978484579,10.51527279,0.28583961,-0.0772438,0.01210886
5141,0,CN1c2ccc3ccccc3c2-c2c(ccc3ccccc23)N(C)P1(=[S+]SSC(=O)c1cccc(F)c1)N(C)C(C)(C)C,654.7366494,733.8283711,0.925258572,0.678479081,0.617702898,13.91183334,32.32665458,6.694775464,32.23341158,0.436293841,0.02076322,5.733999602,0.139524346,8.309976435,13.81591296,6.440150473,7.612870989,8.882687424,3.538971749,10.23936978,5.600520035,3.408385912,12.92192375,0.2723656,-0.06452365,0.03459158
5141,1,CN1c2ccc3ccccc3c2-c2c(ccc3ccccc23)N(C)P1(=[S+]SSC(=O)c1cccc(F)c1)N(C)C(C)(C)C,613.6407638,724.2820058,0.955582603,0.630054976,0.786765048,15.01276979,29.71503248,4.89617907,42.50319476,0.044970851,0.018689985,1.968851815,0.124947465,15.59995576,31.51685119,0.660015421,0.904484872,8.38485675,1.863323425,10.96738427,10.60325258,4.107080109,7.480937252,0.29294438,-0.05091852,0.03381342
5141,2,CN1c2ccc3ccccc3c2-c2c(ccc3ccccc23)N(C)P1(=[S+]SSC(=O)c1cccc(F)c1)N(C)C(C)(C)C,612.541574,724.1795496,0.955524366,0.629839499,0.786834933,15.31302519,30.0158434,4.89617907,42.55331587,0.045220294,0.018582406,1.976519117,0.124231795,15.56995585,31.42162787,0.63001472,0.856281269,8.386098917,1.863311309,10.97079858,10.60261152,4.10269531,7.474654056,0.29302909,-0.05092127,0.03367195
5141,3,CN1c2ccc3ccccc3c2-c2c(ccc3ccccc23)N(C)P1(=[S+]SSC(=O)c1cccc(F)c1)N(C)C(C)(C)C,621.6358946,725.481276,0.955716549,0.630148155,0.784412272,15.31302519,29.76379427,5.096023114,42.62390387,0.054579841,0.017051072,2.067937216,0.114025384,15.56995585,31.40774643,0.620014487,0.837283494,8.413524859,1.871218837,10.94918909,10.7131671,3.98361774,7.483410714,0.29297386,-0.0504028,0.03399052
5141,4,CN1c2ccc3ccccc3c2-c2c(ccc3ccccc23)N(C)P1(=[S+]SSC(=O)c1cccc(F)c1)N(C)C(C)(C)C,653.0378667,732.4895,0.925118804,0.682905097,0.620795285,13.21123742,32.4377354,6.594853442,32.52565874,0.44876784,0.025394633,5.835420414,0.170624437,7.48997876,12.38229952,6.490151641,7.683203422,8.883367426,3.635252425,10.2408232,6.007261304,3.548389632,12.9558322,0.27085924,-0.05966586,0.03319117
5158,0,CN1c2ccc3ccccc3c2-c2c(ccc3ccccc23)N(C)P1(=[S+]SSC(=O)c1cc(F)cc(F)c1)N(C)C(C)(C)C,615.5540221,730.7504942,0.931507408,0.649564387,0.793025531,14.412259,31.23763786,2.997660655,35.93395996,0.035076314,0.04361868,0.800520587,0.292462263,13.59996143,25.92054503,2.720063554,4.838401302,8.364360809,1.8,11.01052836,7.631804415,2.269062545,9.28496598,0.28760546,-0.06824593,0.0550536
5158,1,CN1c2ccc3ccccc3c2-c2c(ccc3ccccc23)N(C)P1(=[S+]SSC(=O)c1cc(F)cc(F)c1)N(C)C(C)(C)C,612.0549597,730.2854673,0.93169959,0.649418794,0.793048826,14.1120036,31.06570397,2.897738634,34.48345961,0.034006744,0.043565154,0.780697674,0.29209807,13.61996138,25.8880619,2.740064021,4.873578679,8.368868405,1.8,11.01034167,7.633518626,2.267644369,9.286262172,0.28756698,-0.06830206,0.05502658
5158,2,CN1c2ccc3ccccc3c2-c2c(ccc3ccccc23)N(C)P1(=[S+]SSC(=O)c1cc(F)cc(F)c1)N(C)C(C)(C)C,642.6400309,730.6920913,0.924023947,0.629874441,0.586965384,16.11370624,31.93141216,6.195165354,31.95434697,0.661898469,0.010823899,7.38376852,0.072631891,15.79995519,26.19007369,4.800112154,6.311344347,8.764588094,4.377920827,10.08534397,3.106658785,4.027207946,10.57976052,0.28140425,-0.06705032,-0.00868708
5158,3,CN1c2ccc3ccccc3c2-c2c(ccc3ccccc23)N(C)P1(=[S+]SSC(=O)c1cc(F)cc(F)c1)N(C)C(C)(C)C,620.5315613,730.0546293,0.955285594,0.629670611,0.785245061,15.31302519,29.95872397,5.495711202,43.23693687,0.047145654,0.018156015,2.062094633,0.121286947,15.58995579,31.45986109,0.63001472,0.846715104,8.394785512,1.866028643,10.98253671,10.66334889,4.086616791,7.448665655,0.29290574,-0.04946851,0.03784061
5158,4,CN1c2ccc3ccccc3c2-c2c(ccc3ccccc23)N(C)P1(=[S+]SSC(=O)c1cc(F)cc(F)c1)N(C)C(C)(C)C,656.132088,736.7504075,0.924804324,0.677390048,0.618500745,13.81174821,32.09621966,6.694775464,32.10432394,0.451147554,0.020910157,5.86107024,0.140316931,8.249976605,13.67258626,6.600154212,7.727065589,8.881036044,3.654473916,10.22710179,5.67643683,3.6525793,12.910762,0.27358698,-0.06216996,0.03794659