index,conf_id,smiles,area,volume,S_bv,S_darea,S_pint,S_P,S_Pangle,S_sarea,S_svol,S_toC1_Lvalue,S_toC1_B1value,S_toC1_B5value,S_toC2_Lvalue,S_toC2_B1value,S_toC2_B5value,S_charge
5174,0,CC(C)c1cccc(C(C)C)c1C(=O)SSC1=C(c2c(O)ccc3ccccc23)c2ccccc2CC1,599.4668862,643.7079986,0.789350773,0.899298197,42.36127576,0.000390854,0.002674232,0,0,9.122586552,3.383321506,8.920831551,6.791505679,3.537517616,6.164397403,0.07786995
5174,1,CC(C)c1cccc(C(C)C)c1C(=O)SSC1=C(c2c(O)ccc3ccccc23)c2ccccc2CC1,596.9671373,640.9571723,0.80173197,0.699454153,43.57314029,0.017423672,0.118786404,0,0,9.130810569,3.338526399,9.000341159,6.789290452,3.488078438,6.366619777,0.07784957
5174,2,CC(C)c1cccc(C(C)C)c1C(=O)SSC1=C(c2c(O)ccc3ccccc23)c2ccccc2CC1,593.1684269,641.293363,0.800607995,0.699454153,45.68581427,0.020089155,0.136949816,0,0,9.129514537,3.332250919,8.995155807,6.78944347,3.47216697,6.373524116,0.07798565
5174,3,CC(C)c1cccc(C(C)C)c1C(=O)SSC1=C(c2c(O)ccc3ccccc23)c2ccccc2CC1,602.5652367,644.8243106,0.748462542,0.999220218,43.21804358,0.013774523,0.094446959,0,0,9.094182954,3.274240204,8.895623545,6.794007285,3.714740405,8.854168348,0.09572909
5174,4,CC(C)c1cccc(C(C)C)c1C(=O)SSC1=C(c2c(O)ccc3ccccc23)c2ccccc2CC1,607.6625923,649.3027323,0.7470765,1.199064262,43.83918224,0.005970244,0.040948475,0,0,9.093990184,3.266648326,8.861612227,6.794475496,3.70525435,8.642990583,0.09512243
5171,0,O=C(SSC1=C(c2c(O)ccc3ccccc23)c2ccccc2CC1)c1ccccc1-c1ccccc1,552.0356359,591.7721703,0.737240263,3.297426721,36.8645658,0.079396975,0.535176127,0.960022431,1.133144849,9.137920174,4.160270949,8.854960016,6.768088523,3.58878406,7.127219819,0.07822879
5171,1,O=C(SSC1=C(c2c(O)ccc3ccccc23)c2ccccc2CC1)c1ccccc1-c1ccccc1,555.0344383,593.3439523,0.736710306,3.697114808,37.06435411,0.078045995,0.52584485,1.020023833,1.192554397,9.137670979,4.174596527,8.871500899,6.768605441,3.608599987,7.132453444,0.07797731
5171,2,O=C(SSC1=C(c2c(O)ccc3ccccc23)c2ccccc2CC1)c1ccccc1-c1ccccc1,552.9348118,593.2962404,0.736652069,3.097582677,36.136781,0.0776861,0.523322834,0.980022898,1.15313535,9.137438395,4.179230143,8.875144578,6.768588591,3.619587317,7.133745776,0.07783611
5171,3,O=C(SSC1=C(c2c(O)ccc3ccccc23)c2ccccc2CC1)c1ccccc1-c1ccccc1,557.0317005,594.9357097,0.756400252,2.597972568,38.25173168,0.082480478,0.557909806,0.190004439,0.255162169,9.114841827,3.267123799,8.98464828,6.787698561,3.235060116,7.001820979,0.07393399
5171,4,O=C(SSC1=C(c2c(O)ccc3ccccc23)c2ccccc2CC1)c1ccccc1-c1ccccc1,558.9392202,595.2643586,0.721661852,3.597192786,36.69014144,0.078286285,0.529476763,1.300030375,1.432252156,9.178060895,3.451874153,8.635063439,6.773824252,4.062794699,7.505761339,0.08586077
5190,0,O=C(SSC1=C(c2c(O)ccc3ccccc23)c2ccccc2CC1)c1cccc(C(F)(F)F)c1,499.5383512,532.8871092,0.750489191,3.996880874,33.91998688,0.023733805,0.159728077,2.940068694,3.591528943,9.143366434,3.218708078,9.16165364,6.822279915,3.207909204,7.280068498,0.08123205
5190,1,O=C(SSC1=C(c2c(O)ccc3ccccc23)c2ccccc2CC1)c1cccc(C(F)(F)F)c1,505.5369877,534.5479956,0.755136508,4.196724918,36.46454972,0.010319067,0.069504477,0.460010748,0.518762908,9.110792365,3.243772668,9.092938013,6.819496301,3.227026377,6.661639591,0.08549964
5190,2,O=C(SSC1=C(c2c(O)ccc3ccccc23)c2ccccc2CC1)c1cccc(C(F)(F)F)c1,503.4371464,534.9442108,0.750139769,4.596413005,34.68279737,0.023614694,0.158926698,2.940068694,3.525491531,9.143344401,3.218582573,9.161232644,6.822191798,3.207670442,7.278773753,0.08124399
5190,3,O=C(SSC1=C(c2c(O)ccc3ccccc23)c2ccccc2CC1)c1cccc(C(F)(F)F)c1,504.5349163,535.3692605,0.750075708,4.296646939,34.24663279,0.02368615,0.159426766,2.980069629,3.57841752,9.142137463,3.217218437,9.159943254,6.822345222,3.210486575,7.272817771,0.08131879
5190,4,O=C(SSC1=C(c2c(O)ccc3ccccc23)c2ccccc2CC1)c1cccc(C(F)(F)F)c1,502.835868,534.5554218,0.750396012,4.596413005,34.86828213,0.02370455,0.159523826,2.940068694,3.567823245,9.144366601,3.217894148,9.162164738,6.822145,3.20712953,7.284022135,0.08121377
5180,0,O=C(SSC1=C(c2c(O)ccc3ccccc23)c2ccccc2CC1)c1cccc([N+](=O)[O-])c1,503.999414,530.2178615,0.674559728,5.795477267,32.89315754,0.01256311,0.084196519,3.34007804,3.927619116,9.124730441,3.321038991,9.559963329,7.476105035,3.378945841,7.131826491,0.0848536
5180,1,O=C(SSC1=C(c2c(O)ccc3ccccc23)c2ccccc2CC1)c1cccc([N+](=O)[O-])c1,503.1000999,529.2110569,0.67428019,5.995321311,32.98678218,0.011383819,0.076294331,3.440080377,4.014641189,9.12186969,3.318150175,9.539006375,7.476168171,3.412438805,7.07791487,0.08472112
5180,2,O=C(SSC1=C(c2c(O)ccc3ccccc23)c2ccccc2CC1)c1cccc([N+](=O)[O-])c1,502.7990061,527.769279,0.674286014,5.695555245,33.06436597,0.010702229,0.071726964,3.400079442,3.924011789,9.119688592,3.317471617,9.523537473,7.476184489,3.437630377,7.041913011,0.08463961
5180,3,O=C(SSC1=C(c2c(O)ccc3ccccc23)c2ccccc2CC1)c1cccc([N+](=O)[O-])c1,504.4982807,529.902912,0.67527022,5.795477267,33.17822243,0.017977859,0.120415183,3.410079676,3.963321739,9.124808015,3.236209932,10.37583211,7.264882806,3.020450343,7.112794471,0.08101254
5180,4,O=C(SSC1=C(c2c(O)ccc3ccccc23)c2ccccc2CC1)c1cccc([N+](=O)[O-])c1,499.5015143,525.6708441,0.674419959,5.895399289,33.05656922,0.012533767,0.083999595,3.380078975,3.986417706,9.124677346,3.320537859,9.558318859,7.47610602,3.382647057,7.129149922,0.08485331
5187,0,COc1ccccc1C(=O)SSC1=C(c2c(O)ccc3ccccc23)c2ccccc2CC1,507.0578186,534.8215659,0.690435147,5.795477267,33.85757908,0.000726769,0.004860743,3.080071965,3.581506574,9.138711593,3.357311633,9.1669917,6.787548517,3.712023384,7.182803657,0.05898476
5187,1,COc1ccccc1C(=O)SSC1=C(c2c(O)ccc3ccccc23)c2ccccc2CC1,510.8630562,535.7578446,0.70004426,6.095243333,34.28155426,0.004030344,0.027224177,3.220075237,3.623185189,9.111865923,3.254350683,9.107879712,6.791009691,3.143610799,6.869137258,0.08250306
5187,2,COc1ccccc1C(=O)SSC1=C(c2c(O)ccc3ccccc23)c2ccccc2CC1,513.3546224,537.3753884,0.644585119,6.195165354,31.15273952,0.012318484,0.082434971,6.680156081,7.02638703,9.100131605,3.395616168,8.2895925,6.794212722,3.057577128,7.114825334,0.08924312
5187,3,COc1ccccc1C(=O)SSC1=C(c2c(O)ccc3ccccc23)c2ccccc2CC1,509.1633627,535.5511146,0.70056257,5.895399289,34.23217095,0.009595242,0.064793402,3.1200729,3.457736615,9.123151084,3.250247093,9.137214603,6.791392011,3.07226814,7.026856559,0.08270177
5187,4,COc1ccccc1C(=O)SSC1=C(c2c(O)ccc3ccccc23)c2ccccc2CC1,513.8566893,536.8840365,0.645569325,6.694775464,31.78024229,0.008400476,0.056212217,6.490151641,7.01581676,9.103115414,3.395393669,8.468043177,6.795141524,2.907045912,7.386216231,0.08871242
5169,0,O=C(SSC1=C(c2c(O)ccc3ccccc23)c2ccccc2CC1)c1ccc(F)cc1,481.6468065,506.326862,0.675392518,5.895399289,32.64964426,0.014600476,0.097969403,3.360078508,3.942886291,9.123972874,3.238891183,9.76720297,7.395023127,3.031412654,7.089406789,0.08312542
5169,1,O=C(SSC1=C(c2c(O)ccc3ccccc23)c2ccccc2CC1)c1ccc(F)cc1,480.948079,505.123221,0.675241101,5.895399289,32.94210575,0.014904434,0.100008468,3.350078274,3.94276497,9.124574997,3.238939179,9.76891056,7.395018501,3.028134133,7.099272543,0.08315939
5169,2,O=C(SSC1=C(c2c(O)ccc3ccccc23)c2ccccc2CC1)c1ccc(F)cc1,482.9476604,505.3905965,0.67542746,5.895399289,32.9515206,0.014837542,0.099559651,3.360078508,3.949297165,9.124536091,3.23901682,9.768851101,7.395032239,3.026893767,7.099510335,0.08315611
5169,3,O=C(SSC1=C(c2c(O)ccc3ccccc23)c2ccccc2CC1)c1ccc(F)cc1,480.0477462,505.9636959,0.675532287,5.595633223,32.80956291,0.014801382,0.099317168,3.370078741,3.96741593,9.124383717,3.238992656,9.768364088,7.395037488,3.027879788,7.096124435,0.08316711
5169,4,O=C(SSC1=C(c2c(O)ccc3ccccc23)c2ccccc2CC1)c1ccc(F)cc1,480.3505893,507.8411805,0.679975773,6.095243333,33.85639315,0.017033067,0.114311836,3.75008762,3.84638941,9.257761573,2.845982746,9.771177977,7.399059699,3.243858502,7.442092939,0.06826659
5015,0,O=C(SSC1=C(c2c(O)ccc3ccccc23)c2ccccc2CC1)c1ccccc1,478.2546101,502.9506862,0.675456578,5.995321311,32.95038205,0.012709999,0.085379551,3.320077573,3.905869171,9.121499321,3.243004338,9.163895297,6.792241137,3.053299314,7.055387624,0.08149536
5015,1,O=C(SSC1=C(c2c(O)ccc3ccccc23)c2ccccc2CC1)c1ccccc1,479.352679,504.5965114,0.675875885,5.995321311,33.16294621,0.014016302,0.094151452,3.34007804,3.935403549,9.123917676,3.241698281,9.170510394,6.792303381,3.036766357,7.095577971,0.08158969
5015,2,O=C(SSC1=C(c2c(O)ccc3ccccc23)c2ccccc2CC1)c1ccccc1,479.3549978,503.6157537,0.675573053,5.695555245,32.84537897,0.013798368,0.092687484,3.310077339,3.896772761,9.123648219,3.242225877,9.169475041,6.792293723,3.038224606,7.089795129,0.0815501
5015,3,O=C(SSC1=C(c2c(O)ccc3ccccc23)c2ccccc2CC1)c1ccccc1,478.8538748,505.6828926,0.675479873,5.695555245,32.68771612,0.013848939,0.093027263,3.350078274,3.927829728,9.123745706,3.24200774,9.169780716,6.792305746,3.037592916,7.09124307,0.08157898
5015,4,O=C(SSC1=C(c2c(O)ccc3ccccc23)c2ccccc2CC1)c1ccccc1,477.5558149,502.3054265,0.67553811,5.895399289,32.62446298,0.013726484,0.092204769,3.310077339,3.860643709,9.123244126,3.241832412,9.168625331,6.79228779,3.039462474,7.083005749,0.08153831
5191,0,COc1ccc(C(=O)SSC2=C(c3c(O)ccc4ccccc34)c3ccccc3CC2)cc1,511.2680349,537.0495128,0.676044773,5.795477267,32.94230782,0.007772468,0.052293046,3.210075003,3.756399897,9.12051741,3.25046132,11.33432562,8.852824004,3.074003281,7.009566138,0.08170508
5191,1,COc1ccc(C(=O)SSC2=C(c3c(O)ccc4ccccc34)c3ccccc3CC2)cc1,512.1668621,534.9592476,0.676108833,5.895399289,33.1159491,0.006572972,0.044224144,3.320077573,3.796698457,9.118814195,3.251263147,11.32577412,8.852475699,3.091659167,6.973311045,0.08162845
5191,2,COc1ccc(C(=O)SSC2=C(c3c(O)ccc4ccccc34)c3ccccc3CC2)cc1,509.1688185,532.3692855,0.676114657,5.795477267,33.05230685,0.00874041,0.058803983,3.220075237,3.699413516,9.122022526,3.250259448,11.34098578,8.853099725,3.059546137,7.039748806,0.08176824
5191,3,COc1ccc(C(=O)SSC2=C(c3c(O)ccc4ccccc34)c3ccccc3CC2)cc1,513.0661807,537.8363677,0.676248602,5.795477267,32.69318523,0.007344223,0.04941301,3.270076405,3.733894394,9.119332705,3.250929929,11.33077739,8.852765455,3.083686503,6.99265859,0.08167244
5191,4,COc1ccc(C(=O)SSC2=C(c3c(O)ccc4ccccc34)c3ccccc3CC2)cc1,512.4663496,539.2139031,0.676242779,5.895399289,33.1225531,0.010068035,0.067721573,3.210075003,3.676440468,9.121073207,3.249452059,11.09294546,8.916887233,3.071494179,7.01858945,0.08068191
5176,0,O=C(SSC1=C(c2c(O)ccc3ccccc23)c2ccccc2CC1)c1ccc2ccccc2c1,528.6358564,558.7825042,0.676219484,5.795477267,33.51452572,0.011379829,0.076483356,3.270076405,3.76501056,9.123011234,3.244721353,11.05529254,8.956008704,3.267942014,7.053846639,0.07731979
5176,1,O=C(SSC1=C(c2c(O)ccc3ccccc23)c2ccccc2CC1)c1ccc2ccccc2c1,525.9366755,557.6597855,0.676440785,5.695555245,33.23180614,0.012508922,0.084069801,3.210075003,3.772516284,9.125476565,3.244268704,11.07317477,8.956171163,3.242452938,7.101044852,0.07744272
5176,2,O=C(SSC1=C(c2c(O)ccc3ccccc23)c2ccccc2CC1)c1ccc2ccccc2c1,527.4361697,559.7057541,0.676586377,6.095243333,33.63150051,0.012226472,0.082171911,3.23007547,3.740622481,9.125111648,3.243793043,11.069713,8.956156486,3.248225217,7.092465482,0.07742176
5176,3,O=C(SSC1=C(c2c(O)ccc3ccccc23)c2ccccc2CC1)c1ccc2ccccc2c1,527.6359682,555.2743436,0.676318487,5.495711202,33.1014569,0.007134962,0.047968822,3.260076171,3.713160778,9.124075916,3.246519082,11.46324629,8.85090773,3.048418906,7.058776805,0.07728252
5176,4,O=C(SSC1=C(c2c(O)ccc3ccccc23)c2ccccc2CC1)c1ccc2ccccc2c1,529.1358943,559.1761165,0.676493198,5.695555245,33.24260841,0.011672001,0.078448737,3.240075704,3.679272571,9.122652925,3.244035198,11.05784984,8.955976879,3.26662822,7.060474389,0.07738255
5167,0,O=C(SSC1=C(c2c(O)ccc3ccccc23)c2ccccc2CC1)c1cccc(F)c1,479.0495492,505.2495478,0.674914974,5.595633223,32.64602232,0.01281923,0.086003321,3.430080143,4.024922595,9.121677269,3.23794138,9.173822529,6.809310331,3.043286838,7.073578395,0.08350543
5167,1,O=C(SSC1=C(c2c(O)ccc3ccccc23)c2ccccc2CC1)c1cccc(F)c1,483.6472295,505.897081,0.675357575,5.995321311,32.99996264,0.014222306,0.095412437,3.34007804,3.962597565,9.124538543,3.237068311,9.181044348,6.809392679,3.022547073,7.116199263,0.08357963
5167,2,O=C(SSC1=C(c2c(O)ccc3ccccc23)c2ccccc2CC1)c1cccc(F)c1,480.4474039,503.916997,0.675293515,5.595633223,32.68345513,0.014095377,0.094561879,3.360078508,3.952053585,9.124388805,3.237712817,9.180925782,6.809392794,3.022412536,7.116654887,0.08358838
5167,3,O=C(SSC1=C(c2c(O)ccc3ccccc23)c2ccccc2CC1)c1cccc(F)c1,481.2493781,506.5358142,0.675002329,5.695555245,32.68587325,0.013730531,0.092114442,3.380078975,4.017100433,9.123766911,3.237145956,9.178980656,6.809355873,3.027349237,7.104868382,0.08354825
5167,4,O=C(SSC1=C(c2c(O)ccc3ccccc23)c2ccccc2CC1)c1cccc(F)c1,481.4476598,506.026902,0.675607995,5.995321311,33.25567209,0.015345198,0.10292962,3.360078508,3.95303798,9.122956632,3.239392613,9.184668377,6.807807702,3.037879966,7.081167587,0.08224847
5186,0,Cc1cccc(C(=O)SSC2=C(c3c(O)ccc4ccccc34)c3ccccc3CC2)c1,500.5573947,526.4144364,0.675934122,5.595633223,32.91717995,0.011250338,0.075631024,3.310077339,3.839703786,9.122461066,3.245557572,9.565566503,6.78206429,3.047672939,7.06686839,0.08141368
5186,1,Cc1cccc(C(=O)SSC2=C(c3c(O)ccc4ccccc34)c3ccccc3CC2)c1,500.6583721,525.8334273,0.675596347,5.995321311,33.08731203,0.010320887,0.069384441,3.290076872,3.743507323,9.120252113,3.245884549,9.571929344,6.781989076,3.066067573,7.031496431,0.08137935
5186,2,Cc1cccc(C(=O)SSC2=C(c3c(O)ccc4ccccc34)c3ccccc3CC2)c1,502.5550669,526.9258983,0.675986536,5.795477267,33.00852255,0.013246094,0.089028359,3.290076872,3.86364466,9.122814892,3.244240539,9.156519967,6.78289351,3.344775416,7.077082292,0.08020527
5186,3,Cc1cccc(C(=O)SSC2=C(c3c(O)ccc4ccccc34)c3ccccc3CC2)c1,501.5553961,525.5612903,0.675835119,5.895399289,33.07102327,0.011240279,0.075562866,3.280076638,3.807462507,9.122562891,3.24552816,9.565444294,6.782049883,3.047795807,7.066295292,0.08141662
5186,4,Cc1cccc(C(=O)SSC2=C(c3c(O)ccc4ccccc34)c3ccccc3CC2)c1,500.8573439,527.9508184,0.675718645,5.795477267,33.2026093,0.010091003,0.067839498,3.300077106,3.803463922,9.120328239,3.245888982,9.575153324,6.781973113,3.064201979,7.033925358,0.08139636
5168,0,Cc1cc(C)cc(C(=O)SSC2=C(c3c(O)ccc4ccccc34)c3ccccc3CC2)c1,525.657801,550.7026171,0.676068067,6.195165354,33.4708619,0.009536899,0.064149213,3.300077106,3.800440064,9.118792203,3.247946335,9.584311839,6.772538055,3.329444118,7.011414929,0.07995926
5168,1,Cc1cc(C)cc(C(=O)SSC2=C(c3c(O)ccc4ccccc34)c3ccccc3CC2)c1,526.2568597,551.0022387,0.67594577,5.895399289,33.34472632,0.007591645,0.051067659,3.310077339,3.751743633,9.115679364,3.248464392,9.599999875,6.772387877,3.345551603,6.951868372,0.07982381
5168,2,Cc1cc(C)cc(C(=O)SSC2=C(c3c(O)ccc4ccccc34)c3ccccc3CC2)c1,526.7588342,550.6854999,0.676335958,5.595633223,33.24598979,0.010799021,0.072634105,3.210075003,3.706413851,9.122293624,3.24781972,9.571520111,6.772587798,3.313335089,7.060010816,0.08004913
5168,3,Cc1cc(C)cc(C(=O)SSC2=C(c3c(O)ccc4ccccc34)c3ccccc3CC2)c1,523.4604271,548.2813643,0.67616707,5.695555245,33.19773693,0.011100972,0.074666767,3.200074769,3.73626756,9.121700369,3.248984863,9.569988138,6.772623692,3.312543936,7.063406999,0.08007202
5168,4,Cc1cc(C)cc(C(=O)SSC2=C(c3c(O)ccc4ccccc34)c3ccccc3CC2)c1,525.7594039,552.0716585,0.675974888,5.895399289,33.35615149,0.007906991,0.053188847,3.380078975,3.833805333,9.116063611,3.248384522,9.596593432,6.772424158,3.341270072,6.962485509,0.07986177
5172,0,COc1cc(C)c(C(=O)SSC2=C(c3c(O)ccc4ccccc34)c3ccccc3CC2)c(C)c1,543.7636304,580.986624,0.735347559,4.996101092,36.22058001,0.072360354,0.487724139,1.550036216,1.705146591,9.133831023,3.251879798,10.91140429,8.834805516,3.284619316,6.634823826,0.06987773
5172,1,COc1cc(C)c(C(=O)SSC2=C(c3c(O)ccc4ccccc34)c3ccccc3CC2)c(C)c1,544.3631373,580.2880225,0.735236908,4.596413005,35.99173918,0.072347269,0.487648164,1.510035282,1.639996059,9.132117955,3.254167254,10.90936961,8.834723239,3.287017132,6.632292698,0.06990075
5172,2,COc1cc(C)c(C(=O)SSC2=C(c3c(O)ccc4ccccc34)c3ccccc3CC2)c(C)c1,545.6632267,580.0282133,0.735743571,4.89617907,36.43606163,0.072693016,0.489963421,1.470034347,1.608382562,9.137303552,3.251349786,10.91070968,8.834937102,3.279215928,6.623226322,0.06999872
5172,3,COc1cc(C)c(C(=O)SSC2=C(c3c(O)ccc4ccccc34)c3ccccc3CC2)c(C)c1,552.7690339,582.3023443,0.750803671,2.797816612,38.18443724,0.07131068,0.484730355,0.22000514,0.246076541,9.133955951,3.244441186,10.84249708,8.915666568,3.387696838,6.53469256,0.07141282
5172,4,COc1cc(C)c(C(=O)SSC2=C(c3c(O)ccc4ccccc34)c3ccccc3CC2)c(C)c1,550.9722221,581.5297818,0.751112328,2.69789459,38.73468159,0.066414138,0.451405527,0.170003972,0.18867096,9.132638459,3.246883365,11.22183845,8.877272032,3.376565058,6.404537523,0.07178049
5185,0,Cc1cccc(C)c1C(=O)SSC1=C(c2c(O)ccc3ccccc23)c2ccccc2CC1,511.7516679,547.025296,0.7417944,4.096802896,36.70115642,0.071801615,0.484063133,0.730017057,0.842691784,9.133683734,3.263173349,8.893228674,6.789885492,3.311244317,6.582502438,0.07504563
5185,1,Cc1cccc(C)c1C(=O)SSC1=C(c2c(O)ccc3ccccc23)c2ccccc2CC1,513.6531911,547.7980032,0.741852637,3.896958852,36.60977477,0.071555859,0.482391794,0.690016122,0.810530936,9.134315012,3.262760668,8.897361831,6.789982743,3.307839865,6.571681776,0.07510773
5185,2,Cc1cccc(C)c1C(=O)SSC1=C(c2c(O)ccc3ccccc23)c2ccccc2CC1,520.361672,549.9968192,0.766067602,1.09914224,42.393341,0.020001007,0.136325767,0,0,9.125759618,3.252487423,8.98944558,6.79302945,3.386079996,6.340867439,0.07824434
5185,3,Cc1cccc(C)c1C(=O)SSC1=C(c2c(O)ccc3ccccc23)c2ccccc2CC1,516.5614544,551.356752,0.759044214,1.798596393,40.27799174,0.048223364,0.327995008,0.010000234,0.012120662,9.128319539,3.255812109,9.050814146,6.795754694,3.395407813,6.595295485,0.0785076
5185,4,Cc1cccc(C)c1C(=O)SSC1=C(c2c(O)ccc3ccccc23)c2ccccc2CC1,525.4600485,552.9460198,0.72356038,1.698674371,39.3856593,0.011716462,0.080035122,0,0,9.091246593,3.279044604,8.864132882,6.796483252,3.1660685,8.584715611,0.09664617
5184,0,O=C(SSC1=C(c2c(O)ccc3ccccc23)c2ccccc2CC1)c1cc(F)cc(F)c1,482.5399932,506.5991209,0.675596347,6.195165354,32.82831243,0.017016673,0.11401664,3.310077339,3.924872074,9.127711789,3.233873661,9.203678731,6.823922575,3.003908741,7.161544573,0.08427561
5184,1,O=C(SSC1=C(c2c(O)ccc3ccccc23)c2ccccc2CC1)c1cc(F)cc(F)c1,484.1406884,507.4034161,0.675276044,5.695555245,32.91421533,0.01698969,0.113837302,3.360078508,3.945856709,9.126442797,3.233468242,9.202121569,6.823927319,3.006574965,7.149836042,0.08428618
5184,2,O=C(SSC1=C(c2c(O)ccc3ccccc23)c2ccccc2CC1)c1cc(F)cc(F)c1,485.4408456,509.2846028,0.675334281,5.595633223,32.73681303,0.014814331,0.099265434,3.400079442,3.983223186,9.123172827,3.234378807,9.192035274,6.823792153,3.031805427,7.091088922,0.08416187
5184,3,O=C(SSC1=C(c2c(O)ccc3ccccc23)c2ccccc2CC1)c1cc(F)cc(F)c1,485.0401518,511.281731,0.675072214,5.695555245,33.03441254,0.017024847,0.114071922,3.34007804,3.962350253,9.127562473,3.233746219,9.203804801,6.82393373,3.002539175,7.163022517,0.08429099
5184,4,O=C(SSC1=C(c2c(O)ccc3ccccc23)c2ccccc2CC1)c1cc(F)cc(F)c1,488.6380922,512.0943256,0.675439107,5.895399289,33.05174666,0.016000608,0.10721217,3.390079209,4.005112257,9.124559463,3.233880275,9.197072187,6.823870083,3.018563652,7.118784368,0.08422073
5183,0,O=C(SSC1=C(c2c(O)ccc3ccccc23)c2ccccc2CC1)c1ccccc1C(F)(F)F,511.03688,536.3617016,0.674332603,5.595633223,32.87436226,0.012831519,0.085992225,3.42007991,3.979678571,9.120786816,3.334198895,9.556709227,7.542144463,3.903416703,7.06474481,0.08556538
5183,1,O=C(SSC1=C(c2c(O)ccc3ccccc23)c2ccccc2CC1)c1ccccc1C(F)(F)F,513.2346293,537.5161236,0.67439084,5.695555245,33.07083849,0.012814194,0.085877702,3.370078741,3.952086175,9.123209393,3.338455158,9.596441435,7.544048428,3.855052498,7.111370339,0.08576012
5183,2,O=C(SSC1=C(c2c(O)ccc3ccccc23)c2ccccc2CC1)c1ccccc1C(F)(F)F,513.2349126,534.8307292,0.674513138,5.795477267,33.24182389,0.011768546,0.078870339,3.440080377,4.001634725,9.120140228,3.33302157,9.543196945,7.539288178,3.888829841,7.046882698,0.08552395
5183,3,O=C(SSC1=C(c2c(O)ccc3ccccc23)c2ccccc2CC1)c1ccccc1C(F)(F)F,515.8389588,539.1603868,0.670087123,5.895399289,33.43224018,0.008403046,0.056403154,3.590083882,3.982668835,9.110569189,3.298967909,10.41208943,7.304065256,3.175158174,6.812193561,0.09395163
5183,4,O=C(SSC1=C(c2c(O)ccc3ccccc23)c2ccccc2CC1)c1ccccc1C(F)(F)F,516.137516,539.0565779,0.670104594,6.095243333,33.46522926,0.012731356,0.085453208,3.580083648,4.012723,9.117272476,3.297120076,10.4383288,7.308506611,3.154641273,6.948841863,0.09443236
5179,0,Cc1cc(C)c(C(=O)SSC2=C(c3c(O)ccc4ccccc34)c3ccccc3CC2)c(C)c1,535.7520282,572.5162697,0.736687011,4.796257049,36.6431529,0.073499596,0.49539303,1.410032945,1.580219486,9.129083147,3.251927648,10.03252826,7.818291101,3.310714751,6.722886614,0.07181065
5179,1,Cc1cc(C)c(C(=O)SSC2=C(c3c(O)ccc4ccccc34)c3ccccc3CC2)c(C)c1,540.9617476,575.2583716,0.754757967,2.597972568,38.59835569,0.06030643,0.4102845,0.090002103,0.102542795,9.131017612,3.251738896,10.07310129,7.827658545,3.390838151,6.576790339,0.07740389
5179,2,Cc1cc(C)c(C(=O)SSC2=C(c3c(O)ccc4ccccc34)c3ccccc3CC2)c(C)c1,538.6617976,571.8392984,0.753802879,2.398128524,37.99433271,0.063748312,0.433711175,0.100002337,0.113825583,9.129045961,3.253975735,10.08389994,7.827448956,3.399017565,6.637187421,0.07779184
5179,3,Cc1cc(C)c(C(=O)SSC2=C(c3c(O)ccc4ccccc34)c3ccccc3CC2)c(C)c1,541.6599065,573.9884308,0.754076593,2.498050546,38.10633561,0.063538093,0.432245285,0.11000257,0.128125262,9.129390949,3.253443585,10.08552131,7.827469705,3.398282682,6.641700837,0.07779586
5179,4,Cc1cc(C)c(C(=O)SSC2=C(c3c(O)ccc4ccccc34)c3ccccc3CC2)c(C)c1,536.1612178,571.1319519,0.753855293,2.498050546,38.41647793,0.063746912,0.433690917,0.090002103,0.103462724,9.129123741,3.253343533,10.0908555,7.827359698,3.398880772,6.639630777,0.07777424
5189,0,CC(C)c1cc(C(C)C)c(C(=O)SSC2=C(c3c(O)ccc4ccccc34)c3ccccc3CC2)c(C(C)C)c1,665.5708748,712.1800446,0.788011321,0.799376175,41.18318029,0.002950286,0.020221333,0,0,9.129021227,3.379587299,11.18204338,8.865050074,3.541165447,6.08076162,0.07432041
5189,1,CC(C)c1cc(C(C)C)c(C(=O)SSC2=C(c3c(O)ccc4ccccc34)c3ccccc3CC2)c(C(C)C)c1,664.3720593,714.1986295,0.787778373,0.799376175,42.47734726,0.00395687,0.027116551,0,0,9.130553192,3.379556124,11.3660095,8.876841322,3.535238303,6.11668379,0.07388458
5189,2,CC(C)c1cc(C(C)C)c(C(=O)SSC2=C(c3c(O)ccc4ccccc34)c3ccccc3CC2)c(C(C)C)c1,661.7741433,708.7731418,0.799932445,0.399688087,42.35008509,0.017108681,0.11688524,0,0,9.135834764,3.333384046,11.22801539,8.876640032,3.491774415,6.312491947,0.07421173
5189,3,CC(C)c1cc(C(C)C)c(C(=O)SSC2=C(c3c(O)ccc4ccccc34)c3ccccc3CC2)c(C(C)C)c1,660.5737933,710.6784562,0.787574543,1.09914224,43.10404357,0.0041269,0.028280833,0,0,9.130347959,3.378859058,11.36489933,8.877930812,3.535955755,6.104612863,0.07390599
5189,4,CC(C)c1cc(C(C)C)c(C(=O)SSC2=C(c3c(O)ccc4ccccc34)c3ccccc3CC2)c(C(C)C)c1,668.070649,716.4320924,0.78752213,0.999220218,42.39700091,0.005551694,0.038042812,0,0,9.131641053,3.378586205,11.20665299,8.867595912,3.533927582,6.114878612,0.07425627
5173,0,O=C(SSC1=C(c2c(O)ccc3ccccc23)c2ccccc2CC1)c1cc(Cl)cc(Cl)c1,512.8953638,540.4662238,0.675858414,5.495711202,32.96487259,0.015537585,0.104180047,3.290076872,3.923651259,9.126077241,3.263946669,9.721418418,6.806321626,3.318501396,7.149692822,0.08519797
5173,1,O=C(SSC1=C(c2c(O)ccc3ccccc23)c2ccccc2CC1)c1cc(Cl)cc(Cl)c1,511.1962463,538.8714056,0.675276044,5.795477267,33.37187689,0.014674333,0.098393417,3.270076405,3.86798572,9.124651801,3.263384639,9.723131998,6.806269704,3.324728998,7.125094095,0.085133
5173,2,O=C(SSC1=C(c2c(O)ccc3ccccc23)c2ccccc2CC1)c1cc(Cl)cc(Cl)c1,512.7962502,541.3958997,0.675765235,5.795477267,33.1599452,0.016163738,0.108377166,3.360078508,3.988574803,9.126986212,3.264214609,9.719992503,6.806357023,3.318067715,7.1648336,0.08521903
5173,3,O=C(SSC1=C(c2c(O)ccc3ccccc23)c2ccccc2CC1)c1cc(Cl)cc(Cl)c1,511.1963758,540.0933989,0.675409989,5.595633223,33.26090829,0.013550195,0.090858057,3.380078975,3.910171277,9.122595107,3.262772292,9.725263316,6.806178471,3.33505922,7.088696686,0.08505463
5173,4,O=C(SSC1=C(c2c(O)ccc3ccccc23)c2ccccc2CC1)c1cc(Cl)cc(Cl)c1,513.3939601,542.915461,0.675363399,5.895399289,33.13343752,0.014671211,0.098372786,3.330077807,3.947341472,9.124312759,3.263722891,9.723187979,6.806261517,3.328465018,7.121717801,0.08512954
5177,0,COc1cccc(C(=O)SSC2=C(c3c(O)ccc4ccccc34)c3ccccc3CC2)c1,509.7700102,535.5194144,0.675922475,5.495711202,33.10386955,0.007723312,0.05189288,3.290076872,3.776368793,9.124306187,3.244910999,9.92087193,6.783167403,3.040887487,7.069868491,0.079588
5177,1,COc1cccc(C(=O)SSC2=C(c3c(O)ccc4ccccc34)c3ccccc3CC2)c1,510.5688182,536.3908492,0.675794353,5.695555245,33.15428448,0.005825457,0.039143491,3.310077339,3.76472218,9.123302417,3.24444019,9.930791888,6.783020479,3.058161678,7.038159205,0.07949901
5177,2,COc1cccc(C(=O)SSC2=C(c3c(O)ccc4ccccc34)c3ccccc3CC2)c1,511.4675434,535.7948566,0.675497344,5.695555245,33.16300024,0.00693607,0.046605446,3.320077573,3.730788079,9.122765936,3.246220976,9.92593169,6.783163869,3.048209553,7.050758481,0.07958657
5177,3,COc1cccc(C(=O)SSC2=C(c3c(O)ccc4ccccc34)c3ccccc3CC2)c1,510.6667383,536.3019627,0.675934122,5.795477267,32.84518238,0.013170026,0.088464095,3.300077106,3.838508953,9.12569269,3.260686442,9.823929109,7.717973285,3.315639735,7.094118309,0.08183787
5177,4,COc1cccc(C(=O)SSC2=C(c3c(O)ccc4ccccc34)c3ccccc3CC2)c1,510.3694362,537.5445605,0.675881709,5.495711202,33.32321282,0.012373882,0.083116384,3.320077573,3.838991426,9.122423756,3.253094203,9.805362019,7.71813562,3.368263275,7.033213054,0.08167063
5182,0,O=C(SSC1=C(c2c(O)ccc3ccccc23)c2ccccc2CC1)c1ccc([N+](=O)[O-])cc1,501.6996259,528.2196758,0.675025624,5.695555245,33.12220058,0.01334375,0.089404746,3.360078508,4.048994747,9.125222639,3.234532708,10.70855555,8.178046518,3.019355994,7.115919544,0.08245865
5182,1,O=C(SSC1=C(c2c(O)ccc3ccccc23)c2ccccc2CC1)c1ccc([N+](=O)[O-])cc1,503.1017335,527.7199113,0.674786852,5.695555245,32.85888148,0.010908575,0.073091639,3.450080611,3.996985644,9.120843387,3.235227737,10.69790294,8.177868118,3.059899097,7.036183078,0.08227762
5182,2,O=C(SSC1=C(c2c(O)ccc3ccccc23)c2ccccc2CC1)c1ccc([N+](=O)[O-])cc1,503.0002663,529.4321055,0.674792676,5.795477267,33.1050608,0.013872917,0.092948651,3.370078741,3.999492725,9.125961279,3.234730358,10.71051502,8.178114485,3.011743158,7.130599564,0.08247294
5182,3,O=C(SSC1=C(c2c(O)ccc3ccccc23)c2ccccc2CC1)c1ccc([N+](=O)[O-])cc1,502.2006337,527.1226319,0.674874208,5.795477267,33.08125114,0.010547015,0.070669633,3.430080143,3.985547611,9.120324092,3.235302105,10.69624749,8.177832168,3.065545499,7.025868624,0.08224655
5182,4,O=C(SSC1=C(c2c(O)ccc3ccccc23)c2ccccc2CC1)c1ccc([N+](=O)[O-])cc1,502.5999641,529.066821,0.675177041,5.995321311,33.2456758,0.013449054,0.090109688,3.300077106,3.790793017,9.125131578,3.234961959,10.70890722,8.178074452,3.018340872,7.117686816,0.08245684
5178,0,CC(C)c1ccccc1C(=O)SSC1=C(c2c(O)ccc3ccccc23)c2ccccc2CC1,534.9567641,570.9386821,0.733419912,4.296646939,36.2288254,0.000676989,0.004585002,0.970022664,1.121143751,9.121701085,3.252098971,9.023417689,6.794394846,3.22573285,6.633239594,0.07727232
5178,1,CC(C)c1ccccc1C(=O)SSC1=C(c2c(O)ccc3ccccc23)c2ccccc2CC1,538.0546211,571.5667176,0.728673593,4.996101092,35.92000926,0.012249537,0.08278032,1.710039955,1.957569939,9.128004737,3.247118204,9.083494451,6.797637749,3.114111803,6.930491219,0.07783888
5178,2,CC(C)c1ccccc1C(=O)SSC1=C(c2c(O)ccc3ccccc23)c2ccccc2CC1,539.0536917,571.6926084,0.727537971,5.096023114,35.84999221,0.016581266,0.112022565,1.960045796,2.251268544,9.125497306,3.24788165,9.092630211,6.797957433,3.095993562,6.974591265,0.07836323
5178,3,CC(C)c1ccccc1C(=O)SSC1=C(c2c(O)ccc3ccccc23)c2ccccc2CC1,536.2559863,570.3137709,0.727520499,5.195945136,35.82455898,0.017331372,0.117084415,2.010046964,2.300190943,9.12635482,3.247853785,9.095507079,6.797980007,3.089457174,6.989382003,0.07842046
5178,4,CC(C)c1ccccc1C(=O)SSC1=C(c2c(O)ccc3ccccc23)c2ccccc2CC1,548.4579444,575.4581926,0.677285222,3.896958852,35.98718292,0.077567208,0.52806116,0,0,9.098757511,3.392046505,8.838581604,6.786758772,3.461961669,8.374156081,0.1001519
5170,0,Cc1ccc(C(=O)SSC2=C(c3c(O)ccc4ccccc34)c3ccccc3CC2)cc1,502.4562956,527.3874346,0.676038949,6.095243333,33.16056092,0.010773004,0.072443103,3.380078975,3.938180195,9.120744807,3.246383874,10.20616211,7.818713665,3.06950431,7.025635359,0.08102031
5170,1,Cc1ccc(C(=O)SSC2=C(c3c(O)ccc4ccccc34)c3ccccc3CC2)cc1,503.6555524,526.376518,0.675730293,5.895399289,33.02276782,0.009787815,0.065819301,3.280076638,3.772503209,9.119109586,3.247014612,10.2044614,7.818568358,3.085138765,6.993497893,0.08093838
5170,2,Cc1ccc(C(=O)SSC2=C(c3c(O)ccc4ccccc34)c3ccccc3CC2)cc1,502.3560685,526.7011674,0.675870061,5.895399289,33.18039223,0.011776241,0.079187878,3.210075003,3.768379466,9.121459436,3.246894631,10.18122363,7.819163008,3.062809223,7.040380112,0.08105686
5170,3,Cc1ccc(C(=O)SSC2=C(c3c(O)ccc4ccccc34)c3ccccc3CC2)cc1,503.7528771,527.401413,0.675998183,6.195165354,33.21956133,0.01052544,0.070779138,3.280076638,3.8405585,9.119258949,3.247666365,10.17360526,7.819065475,3.082444147,6.998960913,0.08097982
5170,4,Cc1ccc(C(=O)SSC2=C(c3c(O)ccc4ccccc34)c3ccccc3CC2)cc1,499.1562353,525.5594932,0.676132128,5.595633223,32.82096933,0.011624782,0.078169429,3.300077106,3.828376916,9.122308609,3.246103991,10.20749631,7.818816738,3.053988948,7.056295702,0.08109533
5181,0,COc1cccc(C)c1C(=O)SSC1=C(c2c(O)ccc3ccccc23)c2ccccc2CC1,526.9560219,558.7494537,0.722494642,5.695555245,35.374253,0.026743943,0.179493629,2.940068694,3.271108518,9.133444978,3.379156871,8.97264342,6.793093169,3.784415494,6.592525262,0.05215298
5181,1,COc1cccc(C)c1C(=O)SSC1=C(c2c(O)ccc3ccccc23)c2ccccc2CC1,526.3564787,555.4611305,0.722337402,5.795477267,35.285613,0.02431272,0.163148112,2.940068694,3.263786841,9.137390553,3.374583522,8.996322771,6.793937011,3.763562769,6.667755587,0.05220105
5181,2,COc1cccc(C)c1C(=O)SSC1=C(c2c(O)ccc3ccccc23)c2ccccc2CC1,529.4532465,559.3517279,0.722331578,5.595633223,35.3586043,0.02665995,0.178930059,2.990069863,3.325728157,9.134310162,3.379374975,8.973537014,6.793205806,3.775305489,6.596612193,0.05223045
5181,3,COc1cccc(C)c1C(=O)SSC1=C(c2c(O)ccc3ccccc23)c2ccccc2CC1,525.955296,558.0032298,0.722331578,5.695555245,35.49708507,0.025843627,0.173439293,2.950068928,3.284124524,9.135278572,3.376984792,8.981387642,6.793438414,3.77847573,6.620591141,0.05212702
5181,4,COc1cccc(C)c1C(=O)SSC1=C(c2c(O)ccc3ccccc23)c2ccccc2CC1,528.1560216,556.9558778,0.722168515,5.495711202,35.56955621,0.025369971,0.170259252,2.950068928,3.279216793,9.135423317,3.377128,8.985889968,6.793601178,3.77553037,6.635073688,0.05220584
5188,0,O=C(SSC1=C(c2c(O)ccc3ccccc23)c2ccccc2CC1)c1ccccc1F,482.9483723,507.6109814,0.686853569,5.39578918,32.8916328,0.000595914,0.003980065,3.220075237,3.753923021,9.129922937,3.241957702,9.209893564,6.817795459,2.977792475,7.174521147,0.07278365
5188,1,O=C(SSC1=C(c2c(O)ccc3ccccc23)c2ccccc2CC1)c1ccccc1F,477.6497065,503.9669779,0.686905982,5.595633223,32.95035906,0.00156828,0.010475181,3.310077339,3.787972781,9.125994975,3.243230517,9.198467822,6.817543476,2.992515611,7.113044698,0.07267432
5188,2,O=C(SSC1=C(c2c(O)ccc3ccccc23)c2ccccc2CC1)c1ccccc1F,480.0494428,504.5717115,0.686690505,5.895399289,33.13550801,0.000470647,0.003143386,3.240075704,3.780191241,9.12965381,3.242241855,9.209001139,6.817735116,2.97992462,7.167668365,0.0727219
5188,3,O=C(SSC1=C(c2c(O)ccc3ccccc23)c2ccccc2CC1)c1ccccc1F,481.6490899,507.4229668,0.686754566,5.595633223,32.89695559,0.001553951,0.010379449,3.270076405,3.787866817,9.125966696,3.243445143,9.198394334,6.817539895,2.994022261,7.112189899,0.07266227
5188,4,O=C(SSC1=C(c2c(O)ccc3ccccc23)c2ccccc2CC1)c1ccccc1F,477.6502817,502.1370265,0.686789508,5.495711202,32.94388176,0.001033062,0.00689962,3.180074302,3.796682573,9.13062147,3.241791705,9.212132216,6.817816836,2.975209254,7.186179004,0.07279645
5192,0,O=C(SSC1=C(c2c(O)ccc3ccccc23)c2ccccc2CC1)c1ccc(C(F)(F)F)cc1,515.8337347,538.4130808,0.675060567,5.695555245,32.99547198,0.01430149,0.095846831,3.360078508,3.912255658,9.125514813,3.23510252,10.75566644,8.156234004,3.015509317,7.121592055,0.08343271
5192,1,O=C(SSC1=C(c2c(O)ccc3ccccc23)c2ccccc2CC1)c1ccc(C(F)(F)F)cc1,513.5352833,537.5661628,0.674862561,5.695555245,32.9567445,0.014217876,0.095287182,3.380078975,3.903441985,9.125072347,3.235244404,10.75570885,8.156442041,3.018815247,7.115119244,0.08340075
5192,2,O=C(SSC1=C(c2c(O)ccc3ccccc23)c2ccccc2CC1)c1ccc(C(F)(F)F)cc1,511.6348245,537.3925769,0.674961564,5.895399289,32.82928693,0.010690665,0.071652574,3.450080611,3.932051934,9.1202489,3.236417769,10.75102089,8.161638164,3.068665794,7.015556794,0.08319573
5192,3,O=C(SSC1=C(c2c(O)ccc3ccccc23)c2ccccc2CC1)c1ccc(C(F)(F)F)cc1,511.2357771,537.1810088,0.674845089,5.895399289,33.0607203,0.012699673,0.085114314,3.410079676,3.935554908,9.123384704,3.236003248,10.75408023,8.158602473,3.03911885,7.076141291,0.08331889
5192,4,O=C(SSC1=C(c2c(O)ccc3ccccc23)c2ccccc2CC1)c1ccc(C(F)(F)F)cc1,511.0364331,537.3038929,0.674868384,5.895399289,33.02745266,0.013181532,0.088342997,3.320077573,3.856175717,9.124184546,3.235570075,10.75463752,8.157890323,3.030052728,7.092507733,0.08335331
5016,0,Cc1ccccc1C(=O)SSC1=C(c2c(O)ccc3ccccc23)c2ccccc2CC1,496.4522017,524.9039983,0.706962821,5.495711202,34.13774707,0.001683605,0.01135822,2.82006589,3.197415633,9.119428387,3.249868957,9.08766108,6.795914773,3.147362489,6.842035082,0.08004339
5016,1,Cc1ccccc1C(=O)SSC1=C(c2c(O)ccc3ccccc23)c2ccccc2CC1,494.6531022,522.1124525,0.706700755,5.495711202,34.61448044,0.001523165,0.010275935,2.82006589,3.201649544,9.118877453,3.249728355,9.086113126,6.795917491,3.150523338,6.834617639,0.08004963
5016,2,Cc1ccccc1C(=O)SSC1=C(c2c(O)ccc3ccccc23)c2ccccc2CC1,498.7518275,528.6820242,0.707056001,5.295867158,34.15329444,0.002642238,0.017824775,2.780064956,3.170387481,9.121139813,3.249313716,9.093767252,6.796027765,3.136145661,6.871275163,0.08008867
5016,3,Cc1ccccc1C(=O)SSC1=C(c2c(O)ccc3ccccc23)c2ccccc2CC1,495.9526956,525.70643,0.706875466,5.495711202,34.22205997,0.000726556,0.004901864,2.870067059,3.267943102,9.116746383,3.250193201,9.07919018,6.795835907,3.16278247,6.800069841,0.07996456
5016,4,Cc1ccccc1C(=O)SSC1=C(c2c(O)ccc3ccccc23)c2ccccc2CC1,499.0511906,527.7599528,0.706968645,5.795477267,34.4207819,0.001437892,0.009700436,2.90006776,3.296045961,9.119228303,3.25015442,9.085307321,6.795895735,3.150962426,6.830387012,0.08000249
5175,0,COc1cc(C(C)C)c(C(=O)SSC2=C(c3c(O)ccc4ccccc34)c3ccccc3CC2)c(C(C)C)c1,631.679743,676.5450154,0.786159383,0.899298197,44.29854996,0.008892194,0.060902713,0,0,9.143764384,3.369421974,10.67444797,8.889845745,3.520356603,6.143120011,0.06635061
5175,1,COc1cc(C(C)C)c(C(=O)SSC2=C(c3c(O)ccc4ccccc34)c3ccccc3CC2)c(C(C)C)c1,631.5821966,676.7504307,0.800281867,0.799376175,46.26078991,0.009520332,0.065017396,0,0,9.149480437,3.323849926,11.04393009,8.904974934,3.505133284,6.229688409,0.06606893
5175,2,COc1cc(C(C)C)c(C(=O)SSC2=C(c3c(O)ccc4ccccc34)c3ccccc3CC2)c(C(C)C)c1,631.7800474,676.3378075,0.801062244,0.699454153,44.50568132,0.01212948,0.082818541,0,0,9.150842918,3.323808238,10.77759197,8.888651109,3.506061358,6.305508232,0.06572692
5175,3,COc1cc(C(C)C)c(C(=O)SSC2=C(c3c(O)ccc4ccccc34)c3ccccc3CC2)c(C(C)C)c1,632.5780013,675.7356393,0.799938269,0.799376175,42.03847802,0.018006423,0.122966549,0,0,9.152469369,3.318807436,10.77277303,8.891466235,3.48967398,6.372873372,0.0657493
5175,4,COc1cc(C(C)C)c(C(=O)SSC2=C(c3c(O)ccc4ccccc34)c3ccccc3CC2)c(C(C)C)c1,633.778191,680.2731463,0.798814294,0.599532131,42.99819496,0.021090245,0.144027607,0,0,9.151106629,3.313877468,10.75913912,8.893048899,3.477722061,6.376863689,0.06577665